drift_case,axis,predicate,owner,direction,verdict
field_nullable_top_level,field nullability,spark_equals,Spark,DriftedAsFound,ReportsDifferent
field_nullable_top_level,field nullability,spark_equals,Spark,BaselineAsFound,ReportsDifferent
field_nullable_top_level,field nullability,spark_same_type,Spark,DriftedAsFound,ReportsEqual
field_nullable_top_level,field nullability,spark_same_type,Spark,BaselineAsFound,ReportsEqual
field_nullable_top_level,field nullability,spark_equals_ignore_nullability,Spark,DriftedAsFound,ReportsEqual
field_nullable_top_level,field nullability,spark_equals_ignore_nullability,Spark,BaselineAsFound,ReportsEqual
field_nullable_top_level,field nullability,spark_equals_ignore_case_and_nullability,Spark,DriftedAsFound,ReportsEqual
field_nullable_top_level,field nullability,spark_equals_ignore_case_and_nullability,Spark,BaselineAsFound,ReportsEqual
field_nullable_top_level,field nullability,spark_equals_ignore_compatible_nullability,Spark,DriftedAsFound,ReportsDifferent
field_nullable_top_level,field nullability,spark_equals_ignore_compatible_nullability,Spark,BaselineAsFound,ReportsEqual
field_nullable_top_level,field nullability,spark_equals_structurally_strict,Spark,DriftedAsFound,ReportsDifferent
field_nullable_top_level,field nullability,spark_equals_structurally_strict,Spark,BaselineAsFound,ReportsDifferent
field_nullable_top_level,field nullability,spark_equals_structurally_ignore_nullability,Spark,DriftedAsFound,ReportsEqual
field_nullable_top_level,field nullability,spark_equals_structurally_ignore_nullability,Spark,BaselineAsFound,ReportsEqual
field_nullable_top_level,field nullability,spark_equals_structurally_by_name_cs,Spark,DriftedAsFound,ReportsEqual
field_nullable_top_level,field nullability,spark_equals_structurally_by_name_cs,Spark,BaselineAsFound,ReportsEqual
field_nullable_top_level,field nullability,spark_equals_structurally_by_name_ci,Spark,DriftedAsFound,ReportsEqual
field_nullable_top_level,field nullability,spark_equals_structurally_by_name_ci,Spark,BaselineAsFound,ReportsEqual
field_nullable_top_level,field nullability,ctdc_rt_exact,CtdcRuntime,DriftedAsFound,ReportsEqual
field_nullable_top_level,field nullability,ctdc_rt_exact,CtdcRuntime,BaselineAsFound,ReportsEqual
field_nullable_top_level,field nullability,ctdc_rt_exact_unordered_ci,CtdcRuntime,DriftedAsFound,ReportsEqual
field_nullable_top_level,field nullability,ctdc_rt_exact_unordered_ci,CtdcRuntime,BaselineAsFound,ReportsEqual
field_nullable_top_level,field nullability,ctdc_rt_exact_ordered,CtdcRuntime,DriftedAsFound,ReportsEqual
field_nullable_top_level,field nullability,ctdc_rt_exact_ordered,CtdcRuntime,BaselineAsFound,ReportsEqual
field_nullable_top_level,field nullability,ctdc_rt_exact_by_position,CtdcRuntime,DriftedAsFound,ReportsEqual
field_nullable_top_level,field nullability,ctdc_rt_exact_by_position,CtdcRuntime,BaselineAsFound,ReportsEqual
field_nullable_top_level,field nullability,ctdc_rt_backward,CtdcRuntime,DriftedAsFound,ReportsEqual
field_nullable_top_level,field nullability,ctdc_rt_backward,CtdcRuntime,BaselineAsFound,ReportsEqual
field_nullable_top_level,field nullability,ctdc_rt_forward,CtdcRuntime,DriftedAsFound,ReportsEqual
field_nullable_top_level,field nullability,ctdc_rt_forward,CtdcRuntime,BaselineAsFound,ReportsEqual
field_nullable_top_level,field nullability,ctdc_ct_exact,CtdcCompileTime,DriftedAsFound,ReportsDifferent
field_nullable_top_level,field nullability,ctdc_ct_exact,CtdcCompileTime,BaselineAsFound,ReportsDifferent
field_nullable_top_level,field nullability,ctdc_ct_exact_unordered_ci,CtdcCompileTime,DriftedAsFound,ReportsDifferent
field_nullable_top_level,field nullability,ctdc_ct_exact_unordered_ci,CtdcCompileTime,BaselineAsFound,ReportsDifferent
field_nullable_top_level,field nullability,ctdc_ct_exact_ordered,CtdcCompileTime,DriftedAsFound,ReportsDifferent
field_nullable_top_level,field nullability,ctdc_ct_exact_ordered,CtdcCompileTime,BaselineAsFound,ReportsDifferent
field_nullable_top_level,field nullability,ctdc_ct_exact_by_position,CtdcCompileTime,DriftedAsFound,ReportsDifferent
field_nullable_top_level,field nullability,ctdc_ct_exact_by_position,CtdcCompileTime,BaselineAsFound,ReportsDifferent
field_nullable_top_level,field nullability,ctdc_ct_backward,CtdcCompileTime,DriftedAsFound,ReportsDifferent
field_nullable_top_level,field nullability,ctdc_ct_backward,CtdcCompileTime,BaselineAsFound,ReportsEqual
field_nullable_top_level,field nullability,ctdc_ct_forward,CtdcCompileTime,DriftedAsFound,ReportsDifferent
field_nullable_top_level,field nullability,ctdc_ct_forward,CtdcCompileTime,BaselineAsFound,ReportsEqual
field_nullable_nested_struct,field nullability,spark_equals,Spark,DriftedAsFound,ReportsDifferent
field_nullable_nested_struct,field nullability,spark_equals,Spark,BaselineAsFound,ReportsDifferent
field_nullable_nested_struct,field nullability,spark_same_type,Spark,DriftedAsFound,ReportsEqual
field_nullable_nested_struct,field nullability,spark_same_type,Spark,BaselineAsFound,ReportsEqual
field_nullable_nested_struct,field nullability,spark_equals_ignore_nullability,Spark,DriftedAsFound,ReportsEqual
field_nullable_nested_struct,field nullability,spark_equals_ignore_nullability,Spark,BaselineAsFound,ReportsEqual
field_nullable_nested_struct,field nullability,spark_equals_ignore_case_and_nullability,Spark,DriftedAsFound,ReportsEqual
field_nullable_nested_struct,field nullability,spark_equals_ignore_case_and_nullability,Spark,BaselineAsFound,ReportsEqual
field_nullable_nested_struct,field nullability,spark_equals_ignore_compatible_nullability,Spark,DriftedAsFound,ReportsDifferent
field_nullable_nested_struct,field nullability,spark_equals_ignore_compatible_nullability,Spark,BaselineAsFound,ReportsEqual
field_nullable_nested_struct,field nullability,spark_equals_structurally_strict,Spark,DriftedAsFound,ReportsDifferent
field_nullable_nested_struct,field nullability,spark_equals_structurally_strict,Spark,BaselineAsFound,ReportsDifferent
field_nullable_nested_struct,field nullability,spark_equals_structurally_ignore_nullability,Spark,DriftedAsFound,ReportsEqual
field_nullable_nested_struct,field nullability,spark_equals_structurally_ignore_nullability,Spark,BaselineAsFound,ReportsEqual
field_nullable_nested_struct,field nullability,spark_equals_structurally_by_name_cs,Spark,DriftedAsFound,ReportsEqual
field_nullable_nested_struct,field nullability,spark_equals_structurally_by_name_cs,Spark,BaselineAsFound,ReportsEqual
field_nullable_nested_struct,field nullability,spark_equals_structurally_by_name_ci,Spark,DriftedAsFound,ReportsEqual
field_nullable_nested_struct,field nullability,spark_equals_structurally_by_name_ci,Spark,BaselineAsFound,ReportsEqual
field_nullable_nested_struct,field nullability,ctdc_rt_exact,CtdcRuntime,DriftedAsFound,ReportsEqual
field_nullable_nested_struct,field nullability,ctdc_rt_exact,CtdcRuntime,BaselineAsFound,ReportsEqual
field_nullable_nested_struct,field nullability,ctdc_rt_exact_unordered_ci,CtdcRuntime,DriftedAsFound,ReportsEqual
field_nullable_nested_struct,field nullability,ctdc_rt_exact_unordered_ci,CtdcRuntime,BaselineAsFound,ReportsEqual
field_nullable_nested_struct,field nullability,ctdc_rt_exact_ordered,CtdcRuntime,DriftedAsFound,ReportsEqual
field_nullable_nested_struct,field nullability,ctdc_rt_exact_ordered,CtdcRuntime,BaselineAsFound,ReportsEqual
field_nullable_nested_struct,field nullability,ctdc_rt_exact_by_position,CtdcRuntime,DriftedAsFound,ReportsEqual
field_nullable_nested_struct,field nullability,ctdc_rt_exact_by_position,CtdcRuntime,BaselineAsFound,ReportsEqual
field_nullable_nested_struct,field nullability,ctdc_rt_backward,CtdcRuntime,DriftedAsFound,ReportsEqual
field_nullable_nested_struct,field nullability,ctdc_rt_backward,CtdcRuntime,BaselineAsFound,ReportsEqual
field_nullable_nested_struct,field nullability,ctdc_rt_forward,CtdcRuntime,DriftedAsFound,ReportsEqual
field_nullable_nested_struct,field nullability,ctdc_rt_forward,CtdcRuntime,BaselineAsFound,ReportsEqual
field_nullable_nested_struct,field nullability,ctdc_ct_exact,CtdcCompileTime,DriftedAsFound,ReportsDifferent
field_nullable_nested_struct,field nullability,ctdc_ct_exact,CtdcCompileTime,BaselineAsFound,ReportsDifferent
field_nullable_nested_struct,field nullability,ctdc_ct_exact_unordered_ci,CtdcCompileTime,DriftedAsFound,ReportsDifferent
field_nullable_nested_struct,field nullability,ctdc_ct_exact_unordered_ci,CtdcCompileTime,BaselineAsFound,ReportsDifferent
field_nullable_nested_struct,field nullability,ctdc_ct_exact_ordered,CtdcCompileTime,DriftedAsFound,ReportsDifferent
field_nullable_nested_struct,field nullability,ctdc_ct_exact_ordered,CtdcCompileTime,BaselineAsFound,ReportsDifferent
field_nullable_nested_struct,field nullability,ctdc_ct_exact_by_position,CtdcCompileTime,DriftedAsFound,ReportsDifferent
field_nullable_nested_struct,field nullability,ctdc_ct_exact_by_position,CtdcCompileTime,BaselineAsFound,ReportsDifferent
field_nullable_nested_struct,field nullability,ctdc_ct_backward,CtdcCompileTime,DriftedAsFound,ReportsDifferent
field_nullable_nested_struct,field nullability,ctdc_ct_backward,CtdcCompileTime,BaselineAsFound,ReportsEqual
field_nullable_nested_struct,field nullability,ctdc_ct_forward,CtdcCompileTime,DriftedAsFound,ReportsDifferent
field_nullable_nested_struct,field nullability,ctdc_ct_forward,CtdcCompileTime,BaselineAsFound,ReportsEqual
array_contains_null,collection optionality,spark_equals,Spark,DriftedAsFound,ReportsDifferent
array_contains_null,collection optionality,spark_equals,Spark,BaselineAsFound,ReportsDifferent
array_contains_null,collection optionality,spark_same_type,Spark,DriftedAsFound,ReportsEqual
array_contains_null,collection optionality,spark_same_type,Spark,BaselineAsFound,ReportsEqual
array_contains_null,collection optionality,spark_equals_ignore_nullability,Spark,DriftedAsFound,ReportsEqual
array_contains_null,collection optionality,spark_equals_ignore_nullability,Spark,BaselineAsFound,ReportsEqual
array_contains_null,collection optionality,spark_equals_ignore_case_and_nullability,Spark,DriftedAsFound,ReportsEqual
array_contains_null,collection optionality,spark_equals_ignore_case_and_nullability,Spark,BaselineAsFound,ReportsEqual
array_contains_null,collection optionality,spark_equals_ignore_compatible_nullability,Spark,DriftedAsFound,ReportsDifferent
array_contains_null,collection optionality,spark_equals_ignore_compatible_nullability,Spark,BaselineAsFound,ReportsEqual
array_contains_null,collection optionality,spark_equals_structurally_strict,Spark,DriftedAsFound,ReportsDifferent
array_contains_null,collection optionality,spark_equals_structurally_strict,Spark,BaselineAsFound,ReportsDifferent
array_contains_null,collection optionality,spark_equals_structurally_ignore_nullability,Spark,DriftedAsFound,ReportsEqual
array_contains_null,collection optionality,spark_equals_structurally_ignore_nullability,Spark,BaselineAsFound,ReportsEqual
array_contains_null,collection optionality,spark_equals_structurally_by_name_cs,Spark,DriftedAsFound,ReportsEqual
array_contains_null,collection optionality,spark_equals_structurally_by_name_cs,Spark,BaselineAsFound,ReportsEqual
array_contains_null,collection optionality,spark_equals_structurally_by_name_ci,Spark,DriftedAsFound,ReportsEqual
array_contains_null,collection optionality,spark_equals_structurally_by_name_ci,Spark,BaselineAsFound,ReportsEqual
array_contains_null,collection optionality,ctdc_rt_exact,CtdcRuntime,DriftedAsFound,ReportsDifferent
array_contains_null,collection optionality,ctdc_rt_exact,CtdcRuntime,BaselineAsFound,ReportsDifferent
array_contains_null,collection optionality,ctdc_rt_exact_unordered_ci,CtdcRuntime,DriftedAsFound,ReportsDifferent
array_contains_null,collection optionality,ctdc_rt_exact_unordered_ci,CtdcRuntime,BaselineAsFound,ReportsDifferent
array_contains_null,collection optionality,ctdc_rt_exact_ordered,CtdcRuntime,DriftedAsFound,ReportsDifferent
array_contains_null,collection optionality,ctdc_rt_exact_ordered,CtdcRuntime,BaselineAsFound,ReportsDifferent
array_contains_null,collection optionality,ctdc_rt_exact_by_position,CtdcRuntime,DriftedAsFound,ReportsDifferent
array_contains_null,collection optionality,ctdc_rt_exact_by_position,CtdcRuntime,BaselineAsFound,ReportsDifferent
array_contains_null,collection optionality,ctdc_rt_backward,CtdcRuntime,DriftedAsFound,ReportsDifferent
array_contains_null,collection optionality,ctdc_rt_backward,CtdcRuntime,BaselineAsFound,ReportsDifferent
array_contains_null,collection optionality,ctdc_rt_forward,CtdcRuntime,DriftedAsFound,ReportsDifferent
array_contains_null,collection optionality,ctdc_rt_forward,CtdcRuntime,BaselineAsFound,ReportsDifferent
array_contains_null,collection optionality,ctdc_ct_exact,CtdcCompileTime,DriftedAsFound,ReportsDifferent
array_contains_null,collection optionality,ctdc_ct_exact,CtdcCompileTime,BaselineAsFound,ReportsDifferent
array_contains_null,collection optionality,ctdc_ct_exact_unordered_ci,CtdcCompileTime,DriftedAsFound,ReportsDifferent
array_contains_null,collection optionality,ctdc_ct_exact_unordered_ci,CtdcCompileTime,BaselineAsFound,ReportsDifferent
array_contains_null,collection optionality,ctdc_ct_exact_ordered,CtdcCompileTime,DriftedAsFound,ReportsDifferent
array_contains_null,collection optionality,ctdc_ct_exact_ordered,CtdcCompileTime,BaselineAsFound,ReportsDifferent
array_contains_null,collection optionality,ctdc_ct_exact_by_position,CtdcCompileTime,DriftedAsFound,ReportsDifferent
array_contains_null,collection optionality,ctdc_ct_exact_by_position,CtdcCompileTime,BaselineAsFound,ReportsDifferent
array_contains_null,collection optionality,ctdc_ct_backward,CtdcCompileTime,DriftedAsFound,ReportsDifferent
array_contains_null,collection optionality,ctdc_ct_backward,CtdcCompileTime,BaselineAsFound,ReportsDifferent
array_contains_null,collection optionality,ctdc_ct_forward,CtdcCompileTime,DriftedAsFound,ReportsDifferent
array_contains_null,collection optionality,ctdc_ct_forward,CtdcCompileTime,BaselineAsFound,ReportsDifferent
map_value_contains_null,collection optionality,spark_equals,Spark,DriftedAsFound,ReportsDifferent
map_value_contains_null,collection optionality,spark_equals,Spark,BaselineAsFound,ReportsDifferent
map_value_contains_null,collection optionality,spark_same_type,Spark,DriftedAsFound,ReportsEqual
map_value_contains_null,collection optionality,spark_same_type,Spark,BaselineAsFound,ReportsEqual
map_value_contains_null,collection optionality,spark_equals_ignore_nullability,Spark,DriftedAsFound,ReportsEqual
map_value_contains_null,collection optionality,spark_equals_ignore_nullability,Spark,BaselineAsFound,ReportsEqual
map_value_contains_null,collection optionality,spark_equals_ignore_case_and_nullability,Spark,DriftedAsFound,ReportsEqual
map_value_contains_null,collection optionality,spark_equals_ignore_case_and_nullability,Spark,BaselineAsFound,ReportsEqual
map_value_contains_null,collection optionality,spark_equals_ignore_compatible_nullability,Spark,DriftedAsFound,ReportsDifferent
map_value_contains_null,collection optionality,spark_equals_ignore_compatible_nullability,Spark,BaselineAsFound,ReportsEqual
map_value_contains_null,collection optionality,spark_equals_structurally_strict,Spark,DriftedAsFound,ReportsDifferent
map_value_contains_null,collection optionality,spark_equals_structurally_strict,Spark,BaselineAsFound,ReportsDifferent
map_value_contains_null,collection optionality,spark_equals_structurally_ignore_nullability,Spark,DriftedAsFound,ReportsEqual
map_value_contains_null,collection optionality,spark_equals_structurally_ignore_nullability,Spark,BaselineAsFound,ReportsEqual
map_value_contains_null,collection optionality,spark_equals_structurally_by_name_cs,Spark,DriftedAsFound,ReportsEqual
map_value_contains_null,collection optionality,spark_equals_structurally_by_name_cs,Spark,BaselineAsFound,ReportsEqual
map_value_contains_null,collection optionality,spark_equals_structurally_by_name_ci,Spark,DriftedAsFound,ReportsEqual
map_value_contains_null,collection optionality,spark_equals_structurally_by_name_ci,Spark,BaselineAsFound,ReportsEqual
map_value_contains_null,collection optionality,ctdc_rt_exact,CtdcRuntime,DriftedAsFound,ReportsDifferent
map_value_contains_null,collection optionality,ctdc_rt_exact,CtdcRuntime,BaselineAsFound,ReportsDifferent
map_value_contains_null,collection optionality,ctdc_rt_exact_unordered_ci,CtdcRuntime,DriftedAsFound,ReportsDifferent
map_value_contains_null,collection optionality,ctdc_rt_exact_unordered_ci,CtdcRuntime,BaselineAsFound,ReportsDifferent
map_value_contains_null,collection optionality,ctdc_rt_exact_ordered,CtdcRuntime,DriftedAsFound,ReportsDifferent
map_value_contains_null,collection optionality,ctdc_rt_exact_ordered,CtdcRuntime,BaselineAsFound,ReportsDifferent
map_value_contains_null,collection optionality,ctdc_rt_exact_by_position,CtdcRuntime,DriftedAsFound,ReportsDifferent
map_value_contains_null,collection optionality,ctdc_rt_exact_by_position,CtdcRuntime,BaselineAsFound,ReportsDifferent
map_value_contains_null,collection optionality,ctdc_rt_backward,CtdcRuntime,DriftedAsFound,ReportsDifferent
map_value_contains_null,collection optionality,ctdc_rt_backward,CtdcRuntime,BaselineAsFound,ReportsDifferent
map_value_contains_null,collection optionality,ctdc_rt_forward,CtdcRuntime,DriftedAsFound,ReportsDifferent
map_value_contains_null,collection optionality,ctdc_rt_forward,CtdcRuntime,BaselineAsFound,ReportsDifferent
map_value_contains_null,collection optionality,ctdc_ct_exact,CtdcCompileTime,DriftedAsFound,ReportsDifferent
map_value_contains_null,collection optionality,ctdc_ct_exact,CtdcCompileTime,BaselineAsFound,ReportsDifferent
map_value_contains_null,collection optionality,ctdc_ct_exact_unordered_ci,CtdcCompileTime,DriftedAsFound,ReportsDifferent
map_value_contains_null,collection optionality,ctdc_ct_exact_unordered_ci,CtdcCompileTime,BaselineAsFound,ReportsDifferent
map_value_contains_null,collection optionality,ctdc_ct_exact_ordered,CtdcCompileTime,DriftedAsFound,ReportsDifferent
map_value_contains_null,collection optionality,ctdc_ct_exact_ordered,CtdcCompileTime,BaselineAsFound,ReportsDifferent
map_value_contains_null,collection optionality,ctdc_ct_exact_by_position,CtdcCompileTime,DriftedAsFound,ReportsDifferent
map_value_contains_null,collection optionality,ctdc_ct_exact_by_position,CtdcCompileTime,BaselineAsFound,ReportsDifferent
map_value_contains_null,collection optionality,ctdc_ct_backward,CtdcCompileTime,DriftedAsFound,ReportsDifferent
map_value_contains_null,collection optionality,ctdc_ct_backward,CtdcCompileTime,BaselineAsFound,ReportsDifferent
map_value_contains_null,collection optionality,ctdc_ct_forward,CtdcCompileTime,DriftedAsFound,ReportsDifferent
map_value_contains_null,collection optionality,ctdc_ct_forward,CtdcCompileTime,BaselineAsFound,ReportsDifferent
optionality_field_to_element,optionality relocation,spark_equals,Spark,DriftedAsFound,ReportsDifferent
optionality_field_to_element,optionality relocation,spark_equals,Spark,BaselineAsFound,ReportsDifferent
optionality_field_to_element,optionality relocation,spark_same_type,Spark,DriftedAsFound,ReportsEqual
optionality_field_to_element,optionality relocation,spark_same_type,Spark,BaselineAsFound,ReportsEqual
optionality_field_to_element,optionality relocation,spark_equals_ignore_nullability,Spark,DriftedAsFound,ReportsEqual
optionality_field_to_element,optionality relocation,spark_equals_ignore_nullability,Spark,BaselineAsFound,ReportsEqual
optionality_field_to_element,optionality relocation,spark_equals_ignore_case_and_nullability,Spark,DriftedAsFound,ReportsEqual
optionality_field_to_element,optionality relocation,spark_equals_ignore_case_and_nullability,Spark,BaselineAsFound,ReportsEqual
optionality_field_to_element,optionality relocation,spark_equals_ignore_compatible_nullability,Spark,DriftedAsFound,ReportsDifferent
optionality_field_to_element,optionality relocation,spark_equals_ignore_compatible_nullability,Spark,BaselineAsFound,ReportsDifferent
optionality_field_to_element,optionality relocation,spark_equals_structurally_strict,Spark,DriftedAsFound,ReportsDifferent
optionality_field_to_element,optionality relocation,spark_equals_structurally_strict,Spark,BaselineAsFound,ReportsDifferent
optionality_field_to_element,optionality relocation,spark_equals_structurally_ignore_nullability,Spark,DriftedAsFound,ReportsEqual
optionality_field_to_element,optionality relocation,spark_equals_structurally_ignore_nullability,Spark,BaselineAsFound,ReportsEqual
optionality_field_to_element,optionality relocation,spark_equals_structurally_by_name_cs,Spark,DriftedAsFound,ReportsEqual
optionality_field_to_element,optionality relocation,spark_equals_structurally_by_name_cs,Spark,BaselineAsFound,ReportsEqual
optionality_field_to_element,optionality relocation,spark_equals_structurally_by_name_ci,Spark,DriftedAsFound,ReportsEqual
optionality_field_to_element,optionality relocation,spark_equals_structurally_by_name_ci,Spark,BaselineAsFound,ReportsEqual
optionality_field_to_element,optionality relocation,ctdc_rt_exact,CtdcRuntime,DriftedAsFound,ReportsDifferent
optionality_field_to_element,optionality relocation,ctdc_rt_exact,CtdcRuntime,BaselineAsFound,ReportsDifferent
optionality_field_to_element,optionality relocation,ctdc_rt_exact_unordered_ci,CtdcRuntime,DriftedAsFound,ReportsDifferent
optionality_field_to_element,optionality relocation,ctdc_rt_exact_unordered_ci,CtdcRuntime,BaselineAsFound,ReportsDifferent
optionality_field_to_element,optionality relocation,ctdc_rt_exact_ordered,CtdcRuntime,DriftedAsFound,ReportsDifferent
optionality_field_to_element,optionality relocation,ctdc_rt_exact_ordered,CtdcRuntime,BaselineAsFound,ReportsDifferent
optionality_field_to_element,optionality relocation,ctdc_rt_exact_by_position,CtdcRuntime,DriftedAsFound,ReportsDifferent
optionality_field_to_element,optionality relocation,ctdc_rt_exact_by_position,CtdcRuntime,BaselineAsFound,ReportsDifferent
optionality_field_to_element,optionality relocation,ctdc_rt_backward,CtdcRuntime,DriftedAsFound,ReportsDifferent
optionality_field_to_element,optionality relocation,ctdc_rt_backward,CtdcRuntime,BaselineAsFound,ReportsDifferent
optionality_field_to_element,optionality relocation,ctdc_rt_forward,CtdcRuntime,DriftedAsFound,ReportsDifferent
optionality_field_to_element,optionality relocation,ctdc_rt_forward,CtdcRuntime,BaselineAsFound,ReportsDifferent
optionality_field_to_element,optionality relocation,ctdc_ct_exact,CtdcCompileTime,DriftedAsFound,ReportsDifferent
optionality_field_to_element,optionality relocation,ctdc_ct_exact,CtdcCompileTime,BaselineAsFound,ReportsDifferent
optionality_field_to_element,optionality relocation,ctdc_ct_exact_unordered_ci,CtdcCompileTime,DriftedAsFound,ReportsDifferent
optionality_field_to_element,optionality relocation,ctdc_ct_exact_unordered_ci,CtdcCompileTime,BaselineAsFound,ReportsDifferent
optionality_field_to_element,optionality relocation,ctdc_ct_exact_ordered,CtdcCompileTime,DriftedAsFound,ReportsDifferent
optionality_field_to_element,optionality relocation,ctdc_ct_exact_ordered,CtdcCompileTime,BaselineAsFound,ReportsDifferent
optionality_field_to_element,optionality relocation,ctdc_ct_exact_by_position,CtdcCompileTime,DriftedAsFound,ReportsDifferent
optionality_field_to_element,optionality relocation,ctdc_ct_exact_by_position,CtdcCompileTime,BaselineAsFound,ReportsDifferent
optionality_field_to_element,optionality relocation,ctdc_ct_backward,CtdcCompileTime,DriftedAsFound,ReportsDifferent
optionality_field_to_element,optionality relocation,ctdc_ct_backward,CtdcCompileTime,BaselineAsFound,ReportsDifferent
optionality_field_to_element,optionality relocation,ctdc_ct_forward,CtdcCompileTime,DriftedAsFound,ReportsDifferent
optionality_field_to_element,optionality relocation,ctdc_ct_forward,CtdcCompileTime,BaselineAsFound,ReportsDifferent
array_of_struct_field_nullable,field nullability,spark_equals,Spark,DriftedAsFound,ReportsDifferent
array_of_struct_field_nullable,field nullability,spark_equals,Spark,BaselineAsFound,ReportsDifferent
array_of_struct_field_nullable,field nullability,spark_same_type,Spark,DriftedAsFound,ReportsEqual
array_of_struct_field_nullable,field nullability,spark_same_type,Spark,BaselineAsFound,ReportsEqual
array_of_struct_field_nullable,field nullability,spark_equals_ignore_nullability,Spark,DriftedAsFound,ReportsEqual
array_of_struct_field_nullable,field nullability,spark_equals_ignore_nullability,Spark,BaselineAsFound,ReportsEqual
array_of_struct_field_nullable,field nullability,spark_equals_ignore_case_and_nullability,Spark,DriftedAsFound,ReportsEqual
array_of_struct_field_nullable,field nullability,spark_equals_ignore_case_and_nullability,Spark,BaselineAsFound,ReportsEqual
array_of_struct_field_nullable,field nullability,spark_equals_ignore_compatible_nullability,Spark,DriftedAsFound,ReportsDifferent
array_of_struct_field_nullable,field nullability,spark_equals_ignore_compatible_nullability,Spark,BaselineAsFound,ReportsEqual
array_of_struct_field_nullable,field nullability,spark_equals_structurally_strict,Spark,DriftedAsFound,ReportsDifferent
array_of_struct_field_nullable,field nullability,spark_equals_structurally_strict,Spark,BaselineAsFound,ReportsDifferent
array_of_struct_field_nullable,field nullability,spark_equals_structurally_ignore_nullability,Spark,DriftedAsFound,ReportsEqual
array_of_struct_field_nullable,field nullability,spark_equals_structurally_ignore_nullability,Spark,BaselineAsFound,ReportsEqual
array_of_struct_field_nullable,field nullability,spark_equals_structurally_by_name_cs,Spark,DriftedAsFound,ReportsEqual
array_of_struct_field_nullable,field nullability,spark_equals_structurally_by_name_cs,Spark,BaselineAsFound,ReportsEqual
array_of_struct_field_nullable,field nullability,spark_equals_structurally_by_name_ci,Spark,DriftedAsFound,ReportsEqual
array_of_struct_field_nullable,field nullability,spark_equals_structurally_by_name_ci,Spark,BaselineAsFound,ReportsEqual
array_of_struct_field_nullable,field nullability,ctdc_rt_exact,CtdcRuntime,DriftedAsFound,ReportsEqual
array_of_struct_field_nullable,field nullability,ctdc_rt_exact,CtdcRuntime,BaselineAsFound,ReportsEqual
array_of_struct_field_nullable,field nullability,ctdc_rt_exact_unordered_ci,CtdcRuntime,DriftedAsFound,ReportsEqual
array_of_struct_field_nullable,field nullability,ctdc_rt_exact_unordered_ci,CtdcRuntime,BaselineAsFound,ReportsEqual
array_of_struct_field_nullable,field nullability,ctdc_rt_exact_ordered,CtdcRuntime,DriftedAsFound,ReportsEqual
array_of_struct_field_nullable,field nullability,ctdc_rt_exact_ordered,CtdcRuntime,BaselineAsFound,ReportsEqual
array_of_struct_field_nullable,field nullability,ctdc_rt_exact_by_position,CtdcRuntime,DriftedAsFound,ReportsEqual
array_of_struct_field_nullable,field nullability,ctdc_rt_exact_by_position,CtdcRuntime,BaselineAsFound,ReportsEqual
array_of_struct_field_nullable,field nullability,ctdc_rt_backward,CtdcRuntime,DriftedAsFound,ReportsEqual
array_of_struct_field_nullable,field nullability,ctdc_rt_backward,CtdcRuntime,BaselineAsFound,ReportsEqual
array_of_struct_field_nullable,field nullability,ctdc_rt_forward,CtdcRuntime,DriftedAsFound,ReportsEqual
array_of_struct_field_nullable,field nullability,ctdc_rt_forward,CtdcRuntime,BaselineAsFound,ReportsEqual
array_of_struct_field_nullable,field nullability,ctdc_ct_exact,CtdcCompileTime,DriftedAsFound,ReportsDifferent
array_of_struct_field_nullable,field nullability,ctdc_ct_exact,CtdcCompileTime,BaselineAsFound,ReportsDifferent
array_of_struct_field_nullable,field nullability,ctdc_ct_exact_unordered_ci,CtdcCompileTime,DriftedAsFound,ReportsDifferent
array_of_struct_field_nullable,field nullability,ctdc_ct_exact_unordered_ci,CtdcCompileTime,BaselineAsFound,ReportsDifferent
array_of_struct_field_nullable,field nullability,ctdc_ct_exact_ordered,CtdcCompileTime,DriftedAsFound,ReportsDifferent
array_of_struct_field_nullable,field nullability,ctdc_ct_exact_ordered,CtdcCompileTime,BaselineAsFound,ReportsDifferent
array_of_struct_field_nullable,field nullability,ctdc_ct_exact_by_position,CtdcCompileTime,DriftedAsFound,ReportsDifferent
array_of_struct_field_nullable,field nullability,ctdc_ct_exact_by_position,CtdcCompileTime,BaselineAsFound,ReportsDifferent
array_of_struct_field_nullable,field nullability,ctdc_ct_backward,CtdcCompileTime,DriftedAsFound,ReportsDifferent
array_of_struct_field_nullable,field nullability,ctdc_ct_backward,CtdcCompileTime,BaselineAsFound,ReportsEqual
array_of_struct_field_nullable,field nullability,ctdc_ct_forward,CtdcCompileTime,DriftedAsFound,ReportsDifferent
array_of_struct_field_nullable,field nullability,ctdc_ct_forward,CtdcCompileTime,BaselineAsFound,ReportsEqual
field_missing,field set,spark_equals,Spark,DriftedAsFound,ReportsDifferent
field_missing,field set,spark_equals,Spark,BaselineAsFound,ReportsDifferent
field_missing,field set,spark_same_type,Spark,DriftedAsFound,ReportsDifferent
field_missing,field set,spark_same_type,Spark,BaselineAsFound,ReportsDifferent
field_missing,field set,spark_equals_ignore_nullability,Spark,DriftedAsFound,ReportsDifferent
field_missing,field set,spark_equals_ignore_nullability,Spark,BaselineAsFound,ReportsDifferent
field_missing,field set,spark_equals_ignore_case_and_nullability,Spark,DriftedAsFound,ReportsDifferent
field_missing,field set,spark_equals_ignore_case_and_nullability,Spark,BaselineAsFound,ReportsDifferent
field_missing,field set,spark_equals_ignore_compatible_nullability,Spark,DriftedAsFound,ReportsDifferent
field_missing,field set,spark_equals_ignore_compatible_nullability,Spark,BaselineAsFound,ReportsDifferent
field_missing,field set,spark_equals_structurally_strict,Spark,DriftedAsFound,ReportsDifferent
field_missing,field set,spark_equals_structurally_strict,Spark,BaselineAsFound,ReportsDifferent
field_missing,field set,spark_equals_structurally_ignore_nullability,Spark,DriftedAsFound,ReportsDifferent
field_missing,field set,spark_equals_structurally_ignore_nullability,Spark,BaselineAsFound,ReportsDifferent
field_missing,field set,spark_equals_structurally_by_name_cs,Spark,DriftedAsFound,ReportsDifferent
field_missing,field set,spark_equals_structurally_by_name_cs,Spark,BaselineAsFound,ReportsDifferent
field_missing,field set,spark_equals_structurally_by_name_ci,Spark,DriftedAsFound,ReportsDifferent
field_missing,field set,spark_equals_structurally_by_name_ci,Spark,BaselineAsFound,ReportsDifferent
field_missing,field set,ctdc_rt_exact,CtdcRuntime,DriftedAsFound,ReportsDifferent
field_missing,field set,ctdc_rt_exact,CtdcRuntime,BaselineAsFound,ReportsDifferent
field_missing,field set,ctdc_rt_exact_unordered_ci,CtdcRuntime,DriftedAsFound,ReportsDifferent
field_missing,field set,ctdc_rt_exact_unordered_ci,CtdcRuntime,BaselineAsFound,ReportsDifferent
field_missing,field set,ctdc_rt_exact_ordered,CtdcRuntime,DriftedAsFound,ReportsDifferent
field_missing,field set,ctdc_rt_exact_ordered,CtdcRuntime,BaselineAsFound,ReportsDifferent
field_missing,field set,ctdc_rt_exact_by_position,CtdcRuntime,DriftedAsFound,ReportsDifferent
field_missing,field set,ctdc_rt_exact_by_position,CtdcRuntime,BaselineAsFound,ReportsDifferent
field_missing,field set,ctdc_rt_backward,CtdcRuntime,DriftedAsFound,ReportsDifferent
field_missing,field set,ctdc_rt_backward,CtdcRuntime,BaselineAsFound,ReportsEqual
field_missing,field set,ctdc_rt_forward,CtdcRuntime,DriftedAsFound,ReportsEqual
field_missing,field set,ctdc_rt_forward,CtdcRuntime,BaselineAsFound,ReportsDifferent
field_missing,field set,ctdc_ct_exact,CtdcCompileTime,DriftedAsFound,ReportsDifferent
field_missing,field set,ctdc_ct_exact,CtdcCompileTime,BaselineAsFound,ReportsDifferent
field_missing,field set,ctdc_ct_exact_unordered_ci,CtdcCompileTime,DriftedAsFound,ReportsDifferent
field_missing,field set,ctdc_ct_exact_unordered_ci,CtdcCompileTime,BaselineAsFound,ReportsDifferent
field_missing,field set,ctdc_ct_exact_ordered,CtdcCompileTime,DriftedAsFound,ReportsDifferent
field_missing,field set,ctdc_ct_exact_ordered,CtdcCompileTime,BaselineAsFound,ReportsDifferent
field_missing,field set,ctdc_ct_exact_by_position,CtdcCompileTime,DriftedAsFound,ReportsDifferent
field_missing,field set,ctdc_ct_exact_by_position,CtdcCompileTime,BaselineAsFound,ReportsDifferent
field_missing,field set,ctdc_ct_backward,CtdcCompileTime,DriftedAsFound,ReportsDifferent
field_missing,field set,ctdc_ct_backward,CtdcCompileTime,BaselineAsFound,ReportsEqual
field_missing,field set,ctdc_ct_forward,CtdcCompileTime,DriftedAsFound,ReportsEqual
field_missing,field set,ctdc_ct_forward,CtdcCompileTime,BaselineAsFound,ReportsDifferent
field_added,field set,spark_equals,Spark,DriftedAsFound,ReportsDifferent
field_added,field set,spark_equals,Spark,BaselineAsFound,ReportsDifferent
field_added,field set,spark_same_type,Spark,DriftedAsFound,ReportsDifferent
field_added,field set,spark_same_type,Spark,BaselineAsFound,ReportsDifferent
field_added,field set,spark_equals_ignore_nullability,Spark,DriftedAsFound,ReportsDifferent
field_added,field set,spark_equals_ignore_nullability,Spark,BaselineAsFound,ReportsDifferent
field_added,field set,spark_equals_ignore_case_and_nullability,Spark,DriftedAsFound,ReportsDifferent
field_added,field set,spark_equals_ignore_case_and_nullability,Spark,BaselineAsFound,ReportsDifferent
field_added,field set,spark_equals_ignore_compatible_nullability,Spark,DriftedAsFound,ReportsDifferent
field_added,field set,spark_equals_ignore_compatible_nullability,Spark,BaselineAsFound,ReportsDifferent
field_added,field set,spark_equals_structurally_strict,Spark,DriftedAsFound,ReportsDifferent
field_added,field set,spark_equals_structurally_strict,Spark,BaselineAsFound,ReportsDifferent
field_added,field set,spark_equals_structurally_ignore_nullability,Spark,DriftedAsFound,ReportsDifferent
field_added,field set,spark_equals_structurally_ignore_nullability,Spark,BaselineAsFound,ReportsDifferent
field_added,field set,spark_equals_structurally_by_name_cs,Spark,DriftedAsFound,ReportsDifferent
field_added,field set,spark_equals_structurally_by_name_cs,Spark,BaselineAsFound,ReportsDifferent
field_added,field set,spark_equals_structurally_by_name_ci,Spark,DriftedAsFound,ReportsDifferent
field_added,field set,spark_equals_structurally_by_name_ci,Spark,BaselineAsFound,ReportsDifferent
field_added,field set,ctdc_rt_exact,CtdcRuntime,DriftedAsFound,ReportsDifferent
field_added,field set,ctdc_rt_exact,CtdcRuntime,BaselineAsFound,ReportsDifferent
field_added,field set,ctdc_rt_exact_unordered_ci,CtdcRuntime,DriftedAsFound,ReportsDifferent
field_added,field set,ctdc_rt_exact_unordered_ci,CtdcRuntime,BaselineAsFound,ReportsDifferent
field_added,field set,ctdc_rt_exact_ordered,CtdcRuntime,DriftedAsFound,ReportsDifferent
field_added,field set,ctdc_rt_exact_ordered,CtdcRuntime,BaselineAsFound,ReportsDifferent
field_added,field set,ctdc_rt_exact_by_position,CtdcRuntime,DriftedAsFound,ReportsDifferent
field_added,field set,ctdc_rt_exact_by_position,CtdcRuntime,BaselineAsFound,ReportsDifferent
field_added,field set,ctdc_rt_backward,CtdcRuntime,DriftedAsFound,ReportsEqual
field_added,field set,ctdc_rt_backward,CtdcRuntime,BaselineAsFound,ReportsDifferent
field_added,field set,ctdc_rt_forward,CtdcRuntime,DriftedAsFound,ReportsDifferent
field_added,field set,ctdc_rt_forward,CtdcRuntime,BaselineAsFound,ReportsEqual
field_added,field set,ctdc_ct_exact,CtdcCompileTime,DriftedAsFound,ReportsDifferent
field_added,field set,ctdc_ct_exact,CtdcCompileTime,BaselineAsFound,ReportsDifferent
field_added,field set,ctdc_ct_exact_unordered_ci,CtdcCompileTime,DriftedAsFound,ReportsDifferent
field_added,field set,ctdc_ct_exact_unordered_ci,CtdcCompileTime,BaselineAsFound,ReportsDifferent
field_added,field set,ctdc_ct_exact_ordered,CtdcCompileTime,DriftedAsFound,ReportsDifferent
field_added,field set,ctdc_ct_exact_ordered,CtdcCompileTime,BaselineAsFound,ReportsDifferent
field_added,field set,ctdc_ct_exact_by_position,CtdcCompileTime,DriftedAsFound,ReportsDifferent
field_added,field set,ctdc_ct_exact_by_position,CtdcCompileTime,BaselineAsFound,ReportsDifferent
field_added,field set,ctdc_ct_backward,CtdcCompileTime,DriftedAsFound,ReportsEqual
field_added,field set,ctdc_ct_backward,CtdcCompileTime,BaselineAsFound,ReportsDifferent
field_added,field set,ctdc_ct_forward,CtdcCompileTime,DriftedAsFound,ReportsDifferent
field_added,field set,ctdc_ct_forward,CtdcCompileTime,BaselineAsFound,ReportsEqual
field_reordered,field identity,spark_equals,Spark,DriftedAsFound,ReportsDifferent
field_reordered,field identity,spark_equals,Spark,BaselineAsFound,ReportsDifferent
field_reordered,field identity,spark_same_type,Spark,DriftedAsFound,ReportsDifferent
field_reordered,field identity,spark_same_type,Spark,BaselineAsFound,ReportsDifferent
field_reordered,field identity,spark_equals_ignore_nullability,Spark,DriftedAsFound,ReportsDifferent
field_reordered,field identity,spark_equals_ignore_nullability,Spark,BaselineAsFound,ReportsDifferent
field_reordered,field identity,spark_equals_ignore_case_and_nullability,Spark,DriftedAsFound,ReportsDifferent
field_reordered,field identity,spark_equals_ignore_case_and_nullability,Spark,BaselineAsFound,ReportsDifferent
field_reordered,field identity,spark_equals_ignore_compatible_nullability,Spark,DriftedAsFound,ReportsDifferent
field_reordered,field identity,spark_equals_ignore_compatible_nullability,Spark,BaselineAsFound,ReportsDifferent
field_reordered,field identity,spark_equals_structurally_strict,Spark,DriftedAsFound,ReportsDifferent
field_reordered,field identity,spark_equals_structurally_strict,Spark,BaselineAsFound,ReportsDifferent
field_reordered,field identity,spark_equals_structurally_ignore_nullability,Spark,DriftedAsFound,ReportsDifferent
field_reordered,field identity,spark_equals_structurally_ignore_nullability,Spark,BaselineAsFound,ReportsDifferent
field_reordered,field identity,spark_equals_structurally_by_name_cs,Spark,DriftedAsFound,ReportsDifferent
field_reordered,field identity,spark_equals_structurally_by_name_cs,Spark,BaselineAsFound,ReportsDifferent
field_reordered,field identity,spark_equals_structurally_by_name_ci,Spark,DriftedAsFound,ReportsDifferent
field_reordered,field identity,spark_equals_structurally_by_name_ci,Spark,BaselineAsFound,ReportsDifferent
field_reordered,field identity,ctdc_rt_exact,CtdcRuntime,DriftedAsFound,ReportsEqual
field_reordered,field identity,ctdc_rt_exact,CtdcRuntime,BaselineAsFound,ReportsEqual
field_reordered,field identity,ctdc_rt_exact_unordered_ci,CtdcRuntime,DriftedAsFound,ReportsEqual
field_reordered,field identity,ctdc_rt_exact_unordered_ci,CtdcRuntime,BaselineAsFound,ReportsEqual
field_reordered,field identity,ctdc_rt_exact_ordered,CtdcRuntime,DriftedAsFound,ReportsDifferent
field_reordered,field identity,ctdc_rt_exact_ordered,CtdcRuntime,BaselineAsFound,ReportsDifferent
field_reordered,field identity,ctdc_rt_exact_by_position,CtdcRuntime,DriftedAsFound,ReportsDifferent
field_reordered,field identity,ctdc_rt_exact_by_position,CtdcRuntime,BaselineAsFound,ReportsDifferent
field_reordered,field identity,ctdc_rt_backward,CtdcRuntime,DriftedAsFound,ReportsEqual
field_reordered,field identity,ctdc_rt_backward,CtdcRuntime,BaselineAsFound,ReportsEqual
field_reordered,field identity,ctdc_rt_forward,CtdcRuntime,DriftedAsFound,ReportsEqual
field_reordered,field identity,ctdc_rt_forward,CtdcRuntime,BaselineAsFound,ReportsEqual
field_reordered,field identity,ctdc_ct_exact,CtdcCompileTime,DriftedAsFound,ReportsEqual
field_reordered,field identity,ctdc_ct_exact,CtdcCompileTime,BaselineAsFound,ReportsEqual
field_reordered,field identity,ctdc_ct_exact_unordered_ci,CtdcCompileTime,DriftedAsFound,ReportsEqual
field_reordered,field identity,ctdc_ct_exact_unordered_ci,CtdcCompileTime,BaselineAsFound,ReportsEqual
field_reordered,field identity,ctdc_ct_exact_ordered,CtdcCompileTime,DriftedAsFound,ReportsDifferent
field_reordered,field identity,ctdc_ct_exact_ordered,CtdcCompileTime,BaselineAsFound,ReportsDifferent
field_reordered,field identity,ctdc_ct_exact_by_position,CtdcCompileTime,DriftedAsFound,ReportsDifferent
field_reordered,field identity,ctdc_ct_exact_by_position,CtdcCompileTime,BaselineAsFound,ReportsDifferent
field_reordered,field identity,ctdc_ct_backward,CtdcCompileTime,DriftedAsFound,ReportsEqual
field_reordered,field identity,ctdc_ct_backward,CtdcCompileTime,BaselineAsFound,ReportsEqual
field_reordered,field identity,ctdc_ct_forward,CtdcCompileTime,DriftedAsFound,ReportsEqual
field_reordered,field identity,ctdc_ct_forward,CtdcCompileTime,BaselineAsFound,ReportsEqual
field_renamed,field identity,spark_equals,Spark,DriftedAsFound,ReportsDifferent
field_renamed,field identity,spark_equals,Spark,BaselineAsFound,ReportsDifferent
field_renamed,field identity,spark_same_type,Spark,DriftedAsFound,ReportsDifferent
field_renamed,field identity,spark_same_type,Spark,BaselineAsFound,ReportsDifferent
field_renamed,field identity,spark_equals_ignore_nullability,Spark,DriftedAsFound,ReportsDifferent
field_renamed,field identity,spark_equals_ignore_nullability,Spark,BaselineAsFound,ReportsDifferent
field_renamed,field identity,spark_equals_ignore_case_and_nullability,Spark,DriftedAsFound,ReportsDifferent
field_renamed,field identity,spark_equals_ignore_case_and_nullability,Spark,BaselineAsFound,ReportsDifferent
field_renamed,field identity,spark_equals_ignore_compatible_nullability,Spark,DriftedAsFound,ReportsDifferent
field_renamed,field identity,spark_equals_ignore_compatible_nullability,Spark,BaselineAsFound,ReportsDifferent
field_renamed,field identity,spark_equals_structurally_strict,Spark,DriftedAsFound,ReportsEqual
field_renamed,field identity,spark_equals_structurally_strict,Spark,BaselineAsFound,ReportsEqual
field_renamed,field identity,spark_equals_structurally_ignore_nullability,Spark,DriftedAsFound,ReportsEqual
field_renamed,field identity,spark_equals_structurally_ignore_nullability,Spark,BaselineAsFound,ReportsEqual
field_renamed,field identity,spark_equals_structurally_by_name_cs,Spark,DriftedAsFound,ReportsDifferent
field_renamed,field identity,spark_equals_structurally_by_name_cs,Spark,BaselineAsFound,ReportsDifferent
field_renamed,field identity,spark_equals_structurally_by_name_ci,Spark,DriftedAsFound,ReportsDifferent
field_renamed,field identity,spark_equals_structurally_by_name_ci,Spark,BaselineAsFound,ReportsDifferent
field_renamed,field identity,ctdc_rt_exact,CtdcRuntime,DriftedAsFound,ReportsDifferent
field_renamed,field identity,ctdc_rt_exact,CtdcRuntime,BaselineAsFound,ReportsDifferent
field_renamed,field identity,ctdc_rt_exact_unordered_ci,CtdcRuntime,DriftedAsFound,ReportsDifferent
field_renamed,field identity,ctdc_rt_exact_unordered_ci,CtdcRuntime,BaselineAsFound,ReportsDifferent
field_renamed,field identity,ctdc_rt_exact_ordered,CtdcRuntime,DriftedAsFound,ReportsDifferent
field_renamed,field identity,ctdc_rt_exact_ordered,CtdcRuntime,BaselineAsFound,ReportsDifferent
field_renamed,field identity,ctdc_rt_exact_by_position,CtdcRuntime,DriftedAsFound,ReportsEqual
field_renamed,field identity,ctdc_rt_exact_by_position,CtdcRuntime,BaselineAsFound,ReportsEqual
field_renamed,field identity,ctdc_rt_backward,CtdcRuntime,DriftedAsFound,ReportsDifferent
field_renamed,field identity,ctdc_rt_backward,CtdcRuntime,BaselineAsFound,ReportsDifferent
field_renamed,field identity,ctdc_rt_forward,CtdcRuntime,DriftedAsFound,ReportsDifferent
field_renamed,field identity,ctdc_rt_forward,CtdcRuntime,BaselineAsFound,ReportsDifferent
field_renamed,field identity,ctdc_ct_exact,CtdcCompileTime,DriftedAsFound,ReportsDifferent
field_renamed,field identity,ctdc_ct_exact,CtdcCompileTime,BaselineAsFound,ReportsDifferent
field_renamed,field identity,ctdc_ct_exact_unordered_ci,CtdcCompileTime,DriftedAsFound,ReportsDifferent
field_renamed,field identity,ctdc_ct_exact_unordered_ci,CtdcCompileTime,BaselineAsFound,ReportsDifferent
field_renamed,field identity,ctdc_ct_exact_ordered,CtdcCompileTime,DriftedAsFound,ReportsDifferent
field_renamed,field identity,ctdc_ct_exact_ordered,CtdcCompileTime,BaselineAsFound,ReportsDifferent
field_renamed,field identity,ctdc_ct_exact_by_position,CtdcCompileTime,DriftedAsFound,ReportsEqual
field_renamed,field identity,ctdc_ct_exact_by_position,CtdcCompileTime,BaselineAsFound,ReportsEqual
field_renamed,field identity,ctdc_ct_backward,CtdcCompileTime,DriftedAsFound,ReportsDifferent
field_renamed,field identity,ctdc_ct_backward,CtdcCompileTime,BaselineAsFound,ReportsDifferent
field_renamed,field identity,ctdc_ct_forward,CtdcCompileTime,DriftedAsFound,ReportsDifferent
field_renamed,field identity,ctdc_ct_forward,CtdcCompileTime,BaselineAsFound,ReportsDifferent
field_case_changed,field identity,spark_equals,Spark,DriftedAsFound,ReportsDifferent
field_case_changed,field identity,spark_equals,Spark,BaselineAsFound,ReportsDifferent
field_case_changed,field identity,spark_same_type,Spark,DriftedAsFound,ReportsEqual
field_case_changed,field identity,spark_same_type,Spark,BaselineAsFound,ReportsEqual
field_case_changed,field identity,spark_equals_ignore_nullability,Spark,DriftedAsFound,ReportsDifferent
field_case_changed,field identity,spark_equals_ignore_nullability,Spark,BaselineAsFound,ReportsDifferent
field_case_changed,field identity,spark_equals_ignore_case_and_nullability,Spark,DriftedAsFound,ReportsEqual
field_case_changed,field identity,spark_equals_ignore_case_and_nullability,Spark,BaselineAsFound,ReportsEqual
field_case_changed,field identity,spark_equals_ignore_compatible_nullability,Spark,DriftedAsFound,ReportsDifferent
field_case_changed,field identity,spark_equals_ignore_compatible_nullability,Spark,BaselineAsFound,ReportsDifferent
field_case_changed,field identity,spark_equals_structurally_strict,Spark,DriftedAsFound,ReportsEqual
field_case_changed,field identity,spark_equals_structurally_strict,Spark,BaselineAsFound,ReportsEqual
field_case_changed,field identity,spark_equals_structurally_ignore_nullability,Spark,DriftedAsFound,ReportsEqual
field_case_changed,field identity,spark_equals_structurally_ignore_nullability,Spark,BaselineAsFound,ReportsEqual
field_case_changed,field identity,spark_equals_structurally_by_name_cs,Spark,DriftedAsFound,ReportsDifferent
field_case_changed,field identity,spark_equals_structurally_by_name_cs,Spark,BaselineAsFound,ReportsDifferent
field_case_changed,field identity,spark_equals_structurally_by_name_ci,Spark,DriftedAsFound,ReportsEqual
field_case_changed,field identity,spark_equals_structurally_by_name_ci,Spark,BaselineAsFound,ReportsEqual
field_case_changed,field identity,ctdc_rt_exact,CtdcRuntime,DriftedAsFound,ReportsDifferent
field_case_changed,field identity,ctdc_rt_exact,CtdcRuntime,BaselineAsFound,ReportsDifferent
field_case_changed,field identity,ctdc_rt_exact_unordered_ci,CtdcRuntime,DriftedAsFound,ReportsEqual
field_case_changed,field identity,ctdc_rt_exact_unordered_ci,CtdcRuntime,BaselineAsFound,ReportsEqual
field_case_changed,field identity,ctdc_rt_exact_ordered,CtdcRuntime,DriftedAsFound,ReportsDifferent
field_case_changed,field identity,ctdc_rt_exact_ordered,CtdcRuntime,BaselineAsFound,ReportsDifferent
field_case_changed,field identity,ctdc_rt_exact_by_position,CtdcRuntime,DriftedAsFound,ReportsEqual
field_case_changed,field identity,ctdc_rt_exact_by_position,CtdcRuntime,BaselineAsFound,ReportsEqual
field_case_changed,field identity,ctdc_rt_backward,CtdcRuntime,DriftedAsFound,ReportsDifferent
field_case_changed,field identity,ctdc_rt_backward,CtdcRuntime,BaselineAsFound,ReportsDifferent
field_case_changed,field identity,ctdc_rt_forward,CtdcRuntime,DriftedAsFound,ReportsDifferent
field_case_changed,field identity,ctdc_rt_forward,CtdcRuntime,BaselineAsFound,ReportsDifferent
field_case_changed,field identity,ctdc_ct_exact,CtdcCompileTime,DriftedAsFound,ReportsDifferent
field_case_changed,field identity,ctdc_ct_exact,CtdcCompileTime,BaselineAsFound,ReportsDifferent
field_case_changed,field identity,ctdc_ct_exact_unordered_ci,CtdcCompileTime,DriftedAsFound,ReportsEqual
field_case_changed,field identity,ctdc_ct_exact_unordered_ci,CtdcCompileTime,BaselineAsFound,ReportsEqual
field_case_changed,field identity,ctdc_ct_exact_ordered,CtdcCompileTime,DriftedAsFound,ReportsDifferent
field_case_changed,field identity,ctdc_ct_exact_ordered,CtdcCompileTime,BaselineAsFound,ReportsDifferent
field_case_changed,field identity,ctdc_ct_exact_by_position,CtdcCompileTime,DriftedAsFound,ReportsEqual
field_case_changed,field identity,ctdc_ct_exact_by_position,CtdcCompileTime,BaselineAsFound,ReportsEqual
field_case_changed,field identity,ctdc_ct_backward,CtdcCompileTime,DriftedAsFound,ReportsDifferent
field_case_changed,field identity,ctdc_ct_backward,CtdcCompileTime,BaselineAsFound,ReportsDifferent
field_case_changed,field identity,ctdc_ct_forward,CtdcCompileTime,DriftedAsFound,ReportsDifferent
field_case_changed,field identity,ctdc_ct_forward,CtdcCompileTime,BaselineAsFound,ReportsDifferent
leaf_type_widened,leaf type,spark_equals,Spark,DriftedAsFound,ReportsDifferent
leaf_type_widened,leaf type,spark_equals,Spark,BaselineAsFound,ReportsDifferent
leaf_type_widened,leaf type,spark_same_type,Spark,DriftedAsFound,ReportsDifferent
leaf_type_widened,leaf type,spark_same_type,Spark,BaselineAsFound,ReportsDifferent
leaf_type_widened,leaf type,spark_equals_ignore_nullability,Spark,DriftedAsFound,ReportsDifferent
leaf_type_widened,leaf type,spark_equals_ignore_nullability,Spark,BaselineAsFound,ReportsDifferent
leaf_type_widened,leaf type,spark_equals_ignore_case_and_nullability,Spark,DriftedAsFound,ReportsDifferent
leaf_type_widened,leaf type,spark_equals_ignore_case_and_nullability,Spark,BaselineAsFound,ReportsDifferent
leaf_type_widened,leaf type,spark_equals_ignore_compatible_nullability,Spark,DriftedAsFound,ReportsDifferent
leaf_type_widened,leaf type,spark_equals_ignore_compatible_nullability,Spark,BaselineAsFound,ReportsDifferent
leaf_type_widened,leaf type,spark_equals_structurally_strict,Spark,DriftedAsFound,ReportsDifferent
leaf_type_widened,leaf type,spark_equals_structurally_strict,Spark,BaselineAsFound,ReportsDifferent
leaf_type_widened,leaf type,spark_equals_structurally_ignore_nullability,Spark,DriftedAsFound,ReportsDifferent
leaf_type_widened,leaf type,spark_equals_structurally_ignore_nullability,Spark,BaselineAsFound,ReportsDifferent
leaf_type_widened,leaf type,spark_equals_structurally_by_name_cs,Spark,DriftedAsFound,ReportsEqual
leaf_type_widened,leaf type,spark_equals_structurally_by_name_cs,Spark,BaselineAsFound,ReportsEqual
leaf_type_widened,leaf type,spark_equals_structurally_by_name_ci,Spark,DriftedAsFound,ReportsEqual
leaf_type_widened,leaf type,spark_equals_structurally_by_name_ci,Spark,BaselineAsFound,ReportsEqual
leaf_type_widened,leaf type,ctdc_rt_exact,CtdcRuntime,DriftedAsFound,ReportsDifferent
leaf_type_widened,leaf type,ctdc_rt_exact,CtdcRuntime,BaselineAsFound,ReportsDifferent
leaf_type_widened,leaf type,ctdc_rt_exact_unordered_ci,CtdcRuntime,DriftedAsFound,ReportsDifferent
leaf_type_widened,leaf type,ctdc_rt_exact_unordered_ci,CtdcRuntime,BaselineAsFound,ReportsDifferent
leaf_type_widened,leaf type,ctdc_rt_exact_ordered,CtdcRuntime,DriftedAsFound,ReportsDifferent
leaf_type_widened,leaf type,ctdc_rt_exact_ordered,CtdcRuntime,BaselineAsFound,ReportsDifferent
leaf_type_widened,leaf type,ctdc_rt_exact_by_position,CtdcRuntime,DriftedAsFound,ReportsDifferent
leaf_type_widened,leaf type,ctdc_rt_exact_by_position,CtdcRuntime,BaselineAsFound,ReportsDifferent
leaf_type_widened,leaf type,ctdc_rt_backward,CtdcRuntime,DriftedAsFound,ReportsDifferent
leaf_type_widened,leaf type,ctdc_rt_backward,CtdcRuntime,BaselineAsFound,ReportsDifferent
leaf_type_widened,leaf type,ctdc_rt_forward,CtdcRuntime,DriftedAsFound,ReportsDifferent
leaf_type_widened,leaf type,ctdc_rt_forward,CtdcRuntime,BaselineAsFound,ReportsDifferent
leaf_type_widened,leaf type,ctdc_ct_exact,CtdcCompileTime,DriftedAsFound,ReportsDifferent
leaf_type_widened,leaf type,ctdc_ct_exact,CtdcCompileTime,BaselineAsFound,ReportsDifferent
leaf_type_widened,leaf type,ctdc_ct_exact_unordered_ci,CtdcCompileTime,DriftedAsFound,ReportsDifferent
leaf_type_widened,leaf type,ctdc_ct_exact_unordered_ci,CtdcCompileTime,BaselineAsFound,ReportsDifferent
leaf_type_widened,leaf type,ctdc_ct_exact_ordered,CtdcCompileTime,DriftedAsFound,ReportsDifferent
leaf_type_widened,leaf type,ctdc_ct_exact_ordered,CtdcCompileTime,BaselineAsFound,ReportsDifferent
leaf_type_widened,leaf type,ctdc_ct_exact_by_position,CtdcCompileTime,DriftedAsFound,ReportsDifferent
leaf_type_widened,leaf type,ctdc_ct_exact_by_position,CtdcCompileTime,BaselineAsFound,ReportsDifferent
leaf_type_widened,leaf type,ctdc_ct_backward,CtdcCompileTime,DriftedAsFound,ReportsDifferent
leaf_type_widened,leaf type,ctdc_ct_backward,CtdcCompileTime,BaselineAsFound,ReportsDifferent
leaf_type_widened,leaf type,ctdc_ct_forward,CtdcCompileTime,DriftedAsFound,ReportsDifferent
leaf_type_widened,leaf type,ctdc_ct_forward,CtdcCompileTime,BaselineAsFound,ReportsDifferent
