stratum,measure,numerator,denominator
all,FieldNullable_required_slots,5030,10222
all,FieldNullable_schemas_with_slot,515,528
all,ArrayContainsNull_required_slots,755,793
all,ArrayContainsNull_schemas_with_slot,141,528
all,MapValueContainsNull_required_slots,301,317
all,MapValueContainsNull_schemas_with_slot,107,528
all,instantiates_field_set,515,528
all,instantiates_field_name,515,528
all,instantiates_field_nullable,515,528
all,instantiates_field_type,515,528
all,instantiates_array_contains_null,141,528
all,instantiates_array_element,141,528
all,instantiates_map_value_contains_null,107,528
all,instantiates_map_key,0,528
all,instantiates_map_value,107,528
all,heterogeneous_optionality,132,528
all,nested_records,178,528
all,struct_valued_fields,2162,10222
all,complex_union_slots,646,10222
all,null_only_slots,12,10222
all,recursive_records,203,1905
all,reused_named_types,6042,1905
all,schemas_converted_differently,75,528
all,heterogeneous_optionality_converter_agnostic,90,453
application,FieldNullable_required_slots,1065,2036
application,FieldNullable_schemas_with_slot,56,58
application,ArrayContainsNull_required_slots,367,370
application,ArrayContainsNull_schemas_with_slot,8,58
application,MapValueContainsNull_required_slots,84,91
application,MapValueContainsNull_schemas_with_slot,16,58
application,instantiates_field_set,56,58
application,instantiates_field_name,56,58
application,instantiates_field_nullable,56,58
application,instantiates_field_type,56,58
application,instantiates_array_contains_null,8,58
application,instantiates_array_element,8,58
application,instantiates_map_value_contains_null,16,58
application,instantiates_map_key,0,58
application,instantiates_map_value,16,58
application,heterogeneous_optionality,16,58
application,nested_records,17,58
application,struct_valued_fields,289,2036
application,complex_union_slots,96,2036
application,null_only_slots,4,2036
application,recursive_records,2,596
application,reused_named_types,492,596
application,schemas_converted_differently,19,58
application,heterogeneous_optionality_converter_agnostic,2,39
platform,FieldNullable_required_slots,3965,8186
platform,FieldNullable_schemas_with_slot,459,470
platform,ArrayContainsNull_required_slots,388,423
platform,ArrayContainsNull_schemas_with_slot,133,470
platform,MapValueContainsNull_required_slots,217,226
platform,MapValueContainsNull_schemas_with_slot,91,470
platform,instantiates_field_set,459,470
platform,instantiates_field_name,459,470
platform,instantiates_field_nullable,459,470
platform,instantiates_field_type,459,470
platform,instantiates_array_contains_null,133,470
platform,instantiates_array_element,133,470
platform,instantiates_map_value_contains_null,91,470
platform,instantiates_map_key,0,470
platform,instantiates_map_value,91,470
platform,heterogeneous_optionality,116,470
platform,nested_records,161,470
platform,struct_valued_fields,1873,8186
platform,complex_union_slots,550,8186
platform,null_only_slots,8,8186
platform,recursive_records,201,1309
platform,reused_named_types,5550,1309
platform,schemas_converted_differently,56,470
platform,heterogeneous_optionality_converter_agnostic,88,414
source-path,FieldNullable_required_slots,1117,2314
source-path,FieldNullable_schemas_with_slot,69,69
source-path,ArrayContainsNull_required_slots,376,377
source-path,ArrayContainsNull_schemas_with_slot,18,69
source-path,MapValueContainsNull_required_slots,106,106
source-path,MapValueContainsNull_schemas_with_slot,33,69
source-path,instantiates_field_set,69,69
source-path,instantiates_field_name,69,69
source-path,instantiates_field_nullable,69,69
source-path,instantiates_field_type,69,69
source-path,instantiates_array_contains_null,18,69
source-path,instantiates_array_element,18,69
source-path,instantiates_map_value_contains_null,33,69
source-path,instantiates_map_key,0,69
source-path,instantiates_map_value,33,69
source-path,heterogeneous_optionality,32,69
source-path,nested_records,19,69
source-path,struct_valued_fields,278,2314
source-path,complex_union_slots,86,2314
source-path,null_only_slots,2,2314
source-path,recursive_records,2,603
source-path,reused_named_types,511,603
source-path,schemas_converted_differently,10,69
source-path,heterogeneous_optionality_converter_agnostic,22,59
test-path,FieldNullable_required_slots,3913,7908
test-path,FieldNullable_schemas_with_slot,446,459
test-path,ArrayContainsNull_required_slots,379,416
test-path,ArrayContainsNull_schemas_with_slot,123,459
test-path,MapValueContainsNull_required_slots,195,211
test-path,MapValueContainsNull_schemas_with_slot,74,459
test-path,instantiates_field_set,446,459
test-path,instantiates_field_name,446,459
test-path,instantiates_field_nullable,446,459
test-path,instantiates_field_type,446,459
test-path,instantiates_array_contains_null,123,459
test-path,instantiates_array_element,123,459
test-path,instantiates_map_value_contains_null,74,459
test-path,instantiates_map_key,0,459
test-path,instantiates_map_value,74,459
test-path,heterogeneous_optionality,100,459
test-path,nested_records,159,459
test-path,struct_valued_fields,1884,7908
test-path,complex_union_slots,560,7908
test-path,null_only_slots,10,7908
test-path,recursive_records,201,1302
test-path,reused_named_types,5531,1302
test-path,schemas_converted_differently,65,459
test-path,heterogeneous_optionality_converter_agnostic,68,394
drop:OpenLineage/OpenLineage,heterogeneous_optionality,132,520
drop:allegro/hermes,heterogeneous_optionality,125,468
drop:apache/avro,heterogeneous_optionality,116,456
drop:apache/beam,heterogeneous_optionality,129,522
drop:apache/camel,heterogeneous_optionality,132,524
drop:apache/druid,heterogeneous_optionality,131,527
drop:apache/flink,heterogeneous_optionality,131,519
drop:apache/gobblin,heterogeneous_optionality,112,461
drop:apache/hudi,heterogeneous_optionality,105,433
drop:apache/nifi,heterogeneous_optionality,106,435
drop:apache/parquet-java,heterogeneous_optionality,126,517
drop:apache/pinot,heterogeneous_optionality,130,524
drop:apache/samza,heterogeneous_optionality,132,519
drop:confluentinc/kafka-streams-examples,heterogeneous_optionality,132,514
drop:confluentinc/schema-registry,heterogeneous_optionality,128,504
drop:linkedin/brooklin,heterogeneous_optionality,132,527
drop:linkedin/datahub,heterogeneous_optionality,116,498
drop:quarkusio/quarkus,heterogeneous_optionality,132,522
drop:spotify/scio,heterogeneous_optionality,129,519
drop:trinodb/trino,heterogeneous_optionality,132,523
