repo,stratum,provenance,path,records,max_record_depth,field_slots,field_required,array_slots,array_required,map_value_slots,map_value_required,heterogeneous_optionality
apache/avro,platform,test-path,doc/examples/user.avsc,1,1,3,1,0,0,0,0,false
apache/avro,platform,test-path,lang/c++/jsonschemas/large_schema.avsc,339,13,3462,1071,149,149,106,106,true
apache/avro,platform,test-path,lang/c/tests/schema_tests/pass/interop.avsc,3,2,17,17,3,3,1,1,false
apache/avro,platform,source-path,lang/csharp/src/apache/benchmark/schema/big.avsc,2,2,10,10,0,0,0,0,false
apache/avro,platform,source-path,lang/csharp/src/apache/benchmark/schema/small.avsc,1,1,1,1,0,0,0,0,false
apache/avro,platform,test-path,lang/java/avro/src/test/resources/SchemaBuilder.avsc,5,2,54,28,4,4,4,4,true
apache/avro,platform,test-path,lang/java/avro/src/test/resources/TestRecordWithLogicalTypes.avsc,1,1,10,9,0,0,0,0,false
apache/avro,platform,test-path,lang/java/avro/src/test/resources/TestRecordWithMapsAndArrays.avsc,1,1,4,4,3,3,3,3,false
apache/avro,platform,test-path,lang/java/avro/src/test/resources/TestUnionRecord.avsc,1,1,1,0,0,0,0,0,false
apache/avro,platform,test-path,lang/java/avro/src/test/resources/multipleFile/DocumentInfo.avsc,1,1,2,2,0,0,0,0,false
apache/avro,platform,test-path,lang/java/avro/src/test/resources/multipleFile/MyResponse.avsc,1,1,1,1,0,0,0,0,false
apache/avro,platform,test-path,lang/java/compiler/src/test/idl/input/baz.avsc,1,1,1,1,0,0,0,0,false
apache/avro,platform,test-path,lang/java/compiler/src/test/idl/input/foo.avsc,1,1,1,1,0,0,0,0,false
apache/avro,platform,test-path,lang/java/compiler/src/test/idl/input/position.avsc,0,0,0,0,0,0,0,0,false
apache/avro,platform,test-path,lang/java/compiler/src/test/idl/putOnClassPath/OnTheClasspath.avsc,1,1,0,0,0,0,0,0,false
apache/avro,platform,test-path,lang/java/compiler/src/test/resources/foo.Bar.avsc,1,1,2,1,0,0,0,0,false
apache/avro,platform,test-path,lang/java/compiler/src/test/resources/full_record_v1.avsc,1,1,7,5,0,0,0,0,false
apache/avro,platform,test-path,lang/java/compiler/src/test/resources/full_record_v2.avsc,1,1,8,7,0,0,1,1,true
apache/avro,platform,test-path,lang/java/compiler/src/test/resources/logical-uuid.avsc,1,1,4,3,0,0,0,0,false
apache/avro,platform,test-path,lang/java/compiler/src/test/resources/logical_types_with_multiple_fields.avsc,1,1,4,3,0,0,0,0,false
apache/avro,platform,test-path,lang/java/compiler/src/test/resources/regression_error_field_in_record.avsc,2,2,3,1,0,0,0,0,false
apache/avro,platform,test-path,lang/java/compiler/src/test/resources/simple_record.avsc,1,1,2,1,0,0,0,0,false
apache/avro,platform,test-path,lang/java/compiler/src/test/resources/union_and_fixed_fields.avsc,1,1,3,3,0,0,0,0,false
apache/avro,platform,test-path,lang/java/idl/src/test/idl/input/baz.avsc,1,1,1,1,0,0,0,0,false
apache/avro,platform,test-path,lang/java/idl/src/test/idl/input/foo.avsc,1,1,1,1,0,0,0,0,false
apache/avro,platform,test-path,lang/java/idl/src/test/idl/input/position.avsc,0,0,0,0,0,0,0,0,false
apache/avro,platform,test-path,lang/java/idl/src/test/idl/output/schema_syntax.avsc,1,1,4,3,1,1,0,0,true
apache/avro,platform,test-path,lang/java/idl/src/test/idl/output/status.avsc,0,0,0,0,0,0,0,0,false
apache/avro,platform,test-path,lang/java/idl/src/test/idl/putOnClassPath/OnTheClasspath.avsc,1,1,0,0,0,0,0,0,false
apache/avro,platform,test-path,lang/java/integration-test/codegen-test/src/test/resources/avro/custom_conversion.avsc,1,1,4,2,0,0,0,0,false
apache/avro,platform,test-path,lang/java/integration-test/codegen-test/src/test/resources/avro/custom_conversion_logical_types_enum.avsc,1,1,1,0,0,0,0,0,false
apache/avro,platform,test-path,lang/java/integration-test/codegen-test/src/test/resources/avro/logical_types_with_default_values.avsc,1,1,2,1,0,0,0,0,false
apache/avro,platform,test-path,lang/java/integration-test/codegen-test/src/test/resources/avro/nested_logical_types_array.avsc,2,2,2,1,1,1,0,0,true
apache/avro,platform,test-path,lang/java/integration-test/codegen-test/src/test/resources/avro/nested_logical_types_map.avsc,2,2,2,1,0,0,1,1,true
apache/avro,platform,test-path,lang/java/integration-test/codegen-test/src/test/resources/avro/nested_logical_types_record.avsc,2,2,2,1,0,0,0,0,false
apache/avro,platform,test-path,lang/java/integration-test/codegen-test/src/test/resources/avro/nested_logical_types_union.avsc,2,2,2,0,0,0,0,0,false
apache/avro,platform,test-path,lang/java/integration-test/codegen-test/src/test/resources/avro/nested_logical_types_union_fixed.avsc,1,1,1,0,0,0,0,0,false
apache/avro,platform,test-path,lang/java/integration-test/codegen-test/src/test/resources/avro/nested_records_different_namespace.avsc,2,2,2,2,0,0,0,0,false
apache/avro,platform,test-path,lang/java/integration-test/codegen-test/src/test/resources/avro/nullable_logical_types.avsc,1,1,1,0,0,0,0,0,false
apache/avro,platform,test-path,lang/java/integration-test/codegen-test/src/test/resources/avro/nullable_logical_types_array.avsc,1,1,1,1,1,0,0,0,true
apache/avro,platform,test-path,lang/java/integration-test/codegen-test/src/test/resources/avro/string_logical_type.avsc,1,1,2,2,0,0,0,0,false
apache/avro,platform,test-path,lang/java/mapred/src/test/avro/TextStats.avsc,1,1,2,2,0,0,0,0,false
apache/avro,platform,test-path,lang/java/mapred/src/test/java/org/apache/avro/mapred/tether/WordCount.avsc,1,1,2,2,0,0,0,0,false
apache/avro,platform,test-path,lang/java/maven-plugin/src/test/avro/directImport/PrivacyDirectImport.avsc,0,0,0,0,0,0,0,0,false
apache/avro,platform,test-path,lang/java/maven-plugin/src/test/avro/extends/Custom.avsc,1,1,2,0,0,0,0,0,false
apache/avro,platform,test-path,lang/java/maven-plugin/src/test/avro/imports/PrivacyImport.avsc,0,0,0,0,0,0,0,0,false
apache/avro,platform,test-path,lang/java/maven-plugin/src/test/avro/multipleSchemas/DocumentInfo.avsc,1,1,2,2,0,0,0,0,false
apache/avro,platform,test-path,lang/java/maven-plugin/src/test/avro/multipleSchemas/MyResponse.avsc,1,1,1,1,0,0,0,0,false
apache/avro,platform,test-path,lang/java/tools/src/test/compiler/input/addextraoptionalgetterstest.avsc,1,1,2,1,0,0,0,0,false
apache/avro,platform,test-path,lang/java/tools/src/test/compiler/input/fieldtest.avsc,1,1,6,6,0,0,0,0,false
apache/avro,platform,test-path,lang/java/tools/src/test/compiler/input/jetbrainsnullsafeannotationsfieldstest.avsc,1,1,4,2,0,0,0,0,false
apache/avro,platform,test-path,lang/java/tools/src/test/compiler/input/jspecifynullsafeannotationsfieldstest.avsc,1,1,4,2,0,0,0,0,false
apache/avro,platform,test-path,lang/java/tools/src/test/compiler/input/nosetterstest.avsc,1,1,2,1,0,0,0,0,false
apache/avro,platform,test-path,lang/java/tools/src/test/compiler/input/optionalgettersallfieldstest.avsc,1,1,4,2,0,0,0,0,false
apache/avro,platform,test-path,lang/java/tools/src/test/compiler/input/optionalgettersnullablefieldstest.avsc,1,1,5,2,1,1,0,0,true
apache/avro,platform,test-path,lang/java/tools/src/test/compiler/input/position.avsc,0,0,0,0,0,0,0,0,false
apache/avro,platform,test-path,lang/java/tools/src/test/idl/schema.avsc,1,1,5,4,1,1,0,0,true
apache/avro,platform,test-path,lang/java/trevni/avro/src/test/cases/dremel/input.avsc,4,3,9,6,4,4,0,0,true
apache/avro,platform,test-path,lang/java/trevni/avro/src/test/cases/dremel/sub1/sub.avsc,3,3,4,3,2,2,0,0,true
apache/avro,platform,test-path,lang/java/trevni/avro/src/test/cases/enum/input.avsc,1,1,1,0,0,0,0,0,false
apache/avro,platform,test-path,lang/js/test/dat/Id.avsc,0,0,0,0,0,0,0,0,false
apache/avro,platform,test-path,lang/js/test/dat/Person.avsc,2,2,5,4,0,0,0,0,false
apache/avro,platform,source-path,share/schemas/org/apache/avro/data/Json.avsc,1,1,1,0,1,1,1,1,true
apache/avro,platform,source-path,share/schemas/org/apache/avro/ipc/HandshakeRequest.avsc,1,1,4,2,0,0,1,1,true
apache/avro,platform,source-path,share/schemas/org/apache/avro/ipc/HandshakeResponse.avsc,1,1,4,1,0,0,1,1,true
apache/avro,platform,test-path,share/test/data/messageV1/test_schema.avsc,1,1,3,3,1,1,0,0,false
apache/avro,platform,test-path,share/test/schemas/FooBarSpecificRecord.avsc,1,1,5,4,2,2,0,0,true
apache/avro,platform,test-path,share/test/schemas/RecordWithRequiredFields.avsc,4,4,8,7,1,1,1,1,true
apache/avro,platform,test-path,share/test/schemas/fooBar.avsc,1,1,2,1,0,0,0,0,false
apache/avro,platform,test-path,share/test/schemas/interop.avsc,3,2,17,17,3,3,1,1,false
apache/avro,platform,test-path,share/test/schemas/reserved.avsc,0,0,0,0,0,0,0,0,false
apache/avro,platform,test-path,share/test/schemas/weather.avsc,1,1,3,3,0,0,0,0,false
apache/gobblin,platform,test-path,gobblin-binary-management/src/test/resources/avroWriterTest/schema.avsc,1,1,3,1,0,0,0,0,false
apache/gobblin,platform,test-path,gobblin-binary-management/src/test/resources/orcWriterTest/schema.avsc,1,1,2,2,0,0,0,0,false
apache/gobblin,platform,test-path,gobblin-compaction/src/test/resources/dedup-schema/dedup-schema-with-pkey.avsc,4,2,33,9,0,0,1,1,true
apache/gobblin,platform,test-path,gobblin-compaction/src/test/resources/dedup-schema/dedup-schema-without-pkey.avsc,4,2,33,9,0,0,1,1,true
apache/gobblin,platform,test-path,gobblin-compaction/src/test/resources/dedup-schema/dedup-schema.avsc,3,2,4,3,0,0,0,0,false
apache/gobblin,platform,test-path,gobblin-compaction/src/test/resources/dedup-schema/key-schema.avsc,3,2,70,11,0,0,1,1,true
apache/gobblin,platform,test-path,gobblin-core-base/src/test/resources/avroProjectionConverter/simpleRecord.avsc,1,1,2,2,0,0,0,0,false
apache/gobblin,platform,test-path,gobblin-core-base/src/test/resources/converter/recursive_schema_1.avsc,14,4,81,52,8,8,1,1,true
apache/gobblin,platform,test-path,gobblin-core-base/src/test/resources/converter/recursive_schema_1_converted.avsc,12,3,75,48,7,7,1,1,true
apache/gobblin,platform,test-path,gobblin-core-base/src/test/resources/converter/recursive_schema_2.avsc,26,5,149,70,9,9,2,2,true
apache/gobblin,platform,test-path,gobblin-core-base/src/test/resources/converter/recursive_schema_2_converted.avsc,26,5,147,69,8,8,2,2,true
apache/gobblin,platform,test-path,gobblin-core-base/src/test/resources/converter/recursive_schema_2_not_converted.avsc,26,5,149,70,9,9,2,2,true
apache/gobblin,platform,test-path,gobblin-core/src/test/resources/converter/bytes_to_avro/test_record_schema.avsc,1,1,2,2,0,0,0,0,false
apache/gobblin,platform,test-path,gobblin-core/src/test/resources/converter/converted_pickfields_nested_with_union.avsc,3,3,6,4,0,0,0,0,false
apache/gobblin,platform,test-path,gobblin-core/src/test/resources/converter/fieldPickExpected.avsc,1,1,3,1,0,0,0,0,false
apache/gobblin,platform,test-path,gobblin-core/src/test/resources/converter/fieldPickInput.avsc,1,1,7,4,1,1,0,0,true
apache/gobblin,platform,test-path,gobblin-core/src/test/resources/converter/jsonToAvroSchema.avsc,4,2,18,12,6,3,1,1,true
apache/gobblin,platform,test-path,gobblin-core/src/test/resources/converter/nested.avsc,2,2,9,6,0,0,0,0,false
apache/gobblin,platform,test-path,gobblin-core/src/test/resources/converter/pickfields_nested_with_union.avsc,3,3,12,7,0,0,0,0,false
apache/gobblin,platform,test-path,gobblin-core/src/test/resources/converter/record_with_arrays.avsc,2,2,5,3,1,1,0,0,true
apache/gobblin,platform,test-path,gobblin-core/src/test/resources/converter/recursive.avsc,2,2,10,6,0,0,0,0,false
apache/gobblin,platform,test-path,gobblin-core/src/test/resources/converter/user.avsc,1,1,10,0,0,0,0,0,false
apache/gobblin,platform,test-path,gobblin-core/src/test/resources/serde/serde.avsc,1,1,3,1,0,0,0,0,false
apache/gobblin,platform,test-path,gobblin-data-management/src/test/resources/avroSchemaCheckStrategyTest/expectedSchema.avsc,5,3,40,17,3,3,0,0,true
apache/gobblin,platform,test-path,gobblin-data-management/src/test/resources/avroSchemaCheckStrategyTest/toValidateSchema.avsc,5,3,40,17,3,3,0,0,true
apache/gobblin,platform,test-path,gobblin-data-management/src/test/resources/avroSchemaManagerTest/expectedSchema.avsc,1,1,1,0,0,0,0,0,false
apache/gobblin,platform,test-path,gobblin-hive-registration/src/test/resources/avro_input/schema.avsc,1,1,3,3,0,0,0,0,false
apache/gobblin,platform,test-path,gobblin-hive-registration/src/test/resources/test-hive-table/hive-test.avsc,1,1,3,1,0,0,0,0,false
apache/gobblin,platform,test-path,gobblin-iceberg/src/test/resources/publisherTest/schema.avsc,1,1,2,2,0,0,0,0,false
apache/gobblin,platform,source-path,gobblin-metrics-libs/gobblin-metrics-base/src/main/avro/DatasetIdentifier.avsc,1,1,3,3,0,0,0,0,false
apache/gobblin,platform,source-path,gobblin-metrics-libs/gobblin-metrics-base/src/main/avro/FlatGobblinMetric.avsc,1,1,4,4,1,1,0,0,false
apache/gobblin,platform,source-path,gobblin-metrics-libs/gobblin-metrics-base/src/main/avro/GaaSFlowObservabilityEvent.avsc,1,1,12,8,0,0,0,0,false
apache/gobblin,platform,source-path,gobblin-metrics-libs/gobblin-metrics-base/src/main/avro/GaaSJobObservabilityEvent.avsc,3,2,36,19,2,2,1,1,true
apache/gobblin,platform,source-path,gobblin-metrics-libs/gobblin-metrics-base/src/main/avro/GenericStoreChangeEvent.avsc,1,1,4,4,0,0,0,0,false
apache/gobblin,platform,source-path,gobblin-metrics-libs/gobblin-metrics-base/src/main/avro/GobblinTrackingEvent.avsc,1,1,4,3,0,0,1,1,true
apache/gobblin,platform,source-path,gobblin-metrics-libs/gobblin-metrics-base/src/main/avro/MetricReport.avsc,2,2,5,5,1,1,1,1,false
apache/gobblin,platform,test-path,gobblin-modules/gobblin-crypto-provider/src/test/resources/record_with_arrays.avsc,2,2,5,3,1,1,0,0,true
apache/gobblin,platform,source-path,gobblin-modules/gobblin-http/src/main/avro/HttpOperation.avsc,1,1,4,4,0,0,3,3,false
apache/gobblin,platform,source-path,gobblin-modules/gobblin-http/src/main/avro/HttpRequestReponse.avsc,1,1,5,3,0,0,0,0,false
apache/gobblin,platform,test-path,gobblin-modules/gobblin-kafka-common/src/test/resources/converter/envelope.avsc,2,2,6,6,0,0,1,1,false
apache/gobblin,platform,test-path,gobblin-modules/gobblin-kafka-common/src/test/resources/converter/record.avsc,1,1,2,2,0,0,0,0,false
apache/gobblin,platform,test-path,gobblin-modules/gobblin-orc/src/test/resources/converter_memory_manager_nested_test/schema.avsc,2,2,4,4,3,3,0,0,false
apache/gobblin,platform,test-path,gobblin-modules/gobblin-orc/src/test/resources/decimal_test/schema.avsc,1,1,1,1,0,0,0,0,false
apache/gobblin,platform,test-path,gobblin-modules/gobblin-orc/src/test/resources/list_map_test/schema.avsc,1,1,2,2,1,1,1,1,false
apache/gobblin,platform,test-path,gobblin-modules/gobblin-orc/src/test/resources/orc_writer_list_test/schema.avsc,1,1,2,2,1,1,0,0,false
apache/gobblin,platform,test-path,gobblin-modules/gobblin-orc/src/test/resources/orc_writer_test/schema.avsc,1,1,2,2,0,0,0,0,false
apache/gobblin,platform,test-path,gobblin-modules/gobblin-orc/src/test/resources/union_test/schema.avsc,1,1,1,0,0,0,0,0,false
apache/gobblin,platform,test-path,gobblin-modules/gobblin-sql/src/test/resources/converter/fieldPickInput.avsc,1,1,6,4,0,0,0,0,false
apache/gobblin,platform,test-path,gobblin-modules/gobblin-sql/src/test/resources/converter/pickfields_nested_with_union.avsc,3,3,12,7,0,0,0,0,false
apache/gobblin,platform,test-path,gobblin-modules/gobblin-sql/src/test/resources/converter/user.avsc,1,1,10,0,0,0,0,0,false
apache/gobblin,platform,source-path,gobblin-runtime/src/main/avro/AvroJobSpec.avsc,1,1,6,6,0,0,2,2,false
apache/gobblin,platform,source-path,gobblin-test-utils/src/main/avro/TestRecord.avsc,1,1,3,3,0,0,0,0,false
apache/gobblin,platform,test-path,gobblin-utility/src/test/resources/recursive_schemas/recursive_array.avsc,2,2,11,8,2,2,0,0,true
apache/gobblin,platform,test-path,gobblin-utility/src/test/resources/recursive_schemas/recursive_array_solution.avsc,2,2,8,6,1,1,0,0,true
apache/gobblin,platform,test-path,gobblin-utility/src/test/resources/recursive_schemas/recursive_map.avsc,2,2,13,9,0,0,3,2,true
apache/gobblin,platform,test-path,gobblin-utility/src/test/resources/recursive_schemas/recursive_map_solution.avsc,2,2,8,6,0,0,1,1,true
apache/gobblin,platform,test-path,gobblin-utility/src/test/resources/recursive_schemas/recursive_multiple.avsc,1,1,8,6,0,0,0,0,false
apache/gobblin,platform,test-path,gobblin-utility/src/test/resources/recursive_schemas/recursive_multiple_solution.avsc,1,1,6,4,0,0,0,0,false
apache/gobblin,platform,test-path,gobblin-utility/src/test/resources/recursive_schemas/recursive_nested.avsc,2,2,12,7,0,0,0,0,false
apache/gobblin,platform,test-path,gobblin-utility/src/test/resources/recursive_schemas/recursive_nested_solution.avsc,2,2,10,7,0,0,0,0,false
apache/gobblin,platform,test-path,gobblin-utility/src/test/resources/recursive_schemas/recursive_norecursion.avsc,2,2,10,7,0,0,0,0,false
apache/gobblin,platform,test-path,gobblin-utility/src/test/resources/recursive_schemas/recursive_norecursion_solution.avsc,2,2,10,7,0,0,0,0,false
apache/gobblin,platform,test-path,gobblin-utility/src/test/resources/recursive_schemas/recursive_simple.avsc,1,1,7,5,0,0,0,0,false
apache/gobblin,platform,test-path,gobblin-utility/src/test/resources/recursive_schemas/recursive_simple_solution.avsc,1,1,6,4,0,0,0,0,false
apache/gobblin,platform,test-path,gobblin-utility/src/test/resources/recursive_schemas/recursive_union.avsc,2,2,11,7,0,0,0,0,false
apache/gobblin,platform,test-path,gobblin-utility/src/test/resources/recursive_schemas/recursive_union_solution.avsc,2,2,10,7,0,0,0,0,false
apache/gobblin,platform,test-path,gobblin-utility/src/test/resources/test_data.avsc,1,1,3,3,0,0,0,0,false
apache/hudi,platform,source-path,docker/demo/config/hoodie-schema.avsc,3,2,23,23,1,1,1,1,false
apache/hudi,platform,source-path,docker/demo/config/schema.avsc,1,1,12,12,0,0,0,0,false
apache/hudi,platform,source-path,docker/demo/config/test-suite/complex-source.avsc,2,2,54,0,2,2,0,0,true
apache/hudi,platform,source-path,docker/demo/config/test-suite/source.avsc,1,1,10,10,0,0,0,0,false
apache/hudi,platform,source-path,docker/demo/config/test-suite/target.avsc,1,1,11,11,0,0,0,0,false
apache/hudi,platform,source-path,hudi-common/src/main/avro/HoodieBootstrapIndexInfo.avsc,1,1,4,0,0,0,0,0,false
apache/hudi,platform,source-path,hudi-common/src/main/avro/HoodieCleanPartitionMetadata.avsc,1,1,6,5,3,3,0,0,true
apache/hudi,platform,source-path,hudi-common/src/main/avro/HoodieCleanerPlan.avsc,3,2,13,5,3,3,3,3,true
apache/hudi,platform,source-path,hudi-common/src/main/avro/HoodieClusteringStrategy.avsc,1,1,3,0,0,0,1,1,true
apache/hudi,platform,source-path,hudi-common/src/main/avro/HoodieCommitMetadata.avsc,3,3,39,0,2,2,3,3,true
apache/hudi,platform,source-path,hudi-common/src/main/avro/HoodieCompactionStrategy.avsc,1,1,3,0,0,0,1,1,true
apache/hudi,platform,source-path,hudi-common/src/main/avro/HoodieFSPermission.avsc,1,1,5,0,0,0,0,0,false
apache/hudi,platform,source-path,hudi-common/src/main/avro/HoodieIndexPartitionInfo.avsc,1,1,4,0,0,0,1,1,true
apache/hudi,platform,source-path,hudi-common/src/main/avro/HoodieInstantInfo.avsc,1,1,2,2,0,0,0,0,false
apache/hudi,platform,source-path,hudi-common/src/main/avro/HoodieLSMTimelineInstant.avsc,1,1,6,1,0,0,0,0,false
apache/hudi,platform,source-path,hudi-common/src/main/avro/HoodieMergeArchiveFilePlan.avsc,1,1,3,0,1,1,0,0,true
apache/hudi,platform,source-path,hudi-common/src/main/avro/HoodieMetadata.avsc,20,3,48,25,1,0,1,1,true
apache/hudi,platform,source-path,hudi-common/src/main/avro/HoodiePath.avsc,1,1,2,0,0,0,0,0,false
apache/hudi,platform,source-path,hudi-common/src/main/avro/HoodieSavePointMetadata.avsc,2,2,7,6,1,1,1,1,true
apache/hudi,platform,source-path,hudi-common/src/main/avro/HoodieSliceInfo.avsc,1,1,6,0,1,1,0,0,true
apache/hudi,platform,test-path,hudi-common/src/test/resources/adaptable-payload.avsc,1,1,8,2,0,0,0,0,false
apache/hudi,platform,test-path,hudi-common/src/test/resources/complex-schema-evolved.avsc,1,1,6,6,0,0,0,0,false
apache/hudi,platform,test-path,hudi-common/src/test/resources/complex-test-evolved.avsc,3,2,14,0,1,1,1,0,true
apache/hudi,platform,test-path,hudi-common/src/test/resources/complex.schema.avsc,17,3,241,0,12,0,0,0,false
apache/hudi,platform,test-path,hudi-common/src/test/resources/date-type-invalid.avsc,1,1,1,1,0,0,0,0,false
apache/hudi,platform,test-path,hudi-common/src/test/resources/date-type.avsc,1,1,1,1,0,0,0,0,false
apache/hudi,platform,test-path,hudi-common/src/test/resources/decimal-logical-type-fixed-type.avsc,1,1,1,1,0,0,0,0,false
apache/hudi,platform,test-path,hudi-common/src/test/resources/decimal-logical-type-invalid.avsc,1,1,1,1,0,0,0,0,false
apache/hudi,platform,test-path,hudi-common/src/test/resources/decimal-logical-type-zero-scale.avsc,1,1,1,1,0,0,0,0,false
apache/hudi,platform,test-path,hudi-common/src/test/resources/decimal-logical-type.avsc,1,1,1,1,0,0,0,0,false
apache/hudi,platform,test-path,hudi-common/src/test/resources/duration-logical-type-invalid.avsc,1,1,1,1,0,0,0,0,false
apache/hudi,platform,test-path,hudi-common/src/test/resources/duration-logical-type.avsc,1,1,1,1,0,0,0,0,false
apache/hudi,platform,test-path,hudi-common/src/test/resources/exampleEvolvedSchema.avsc,1,1,4,2,0,0,0,0,false
apache/hudi,platform,test-path,hudi-common/src/test/resources/exampleEvolvedSchemaChangeOrder.avsc,1,1,4,2,0,0,0,0,false
apache/hudi,platform,test-path,hudi-common/src/test/resources/exampleEvolvedSchemaColumnRequire.avsc,1,1,4,3,0,0,0,0,false
apache/hudi,platform,test-path,hudi-common/src/test/resources/exampleEvolvedSchemaColumnType.avsc,1,1,3,2,0,0,0,0,false
apache/hudi,platform,test-path,hudi-common/src/test/resources/exampleEvolvedSchemaDeleteColumn.avsc,1,1,2,2,0,0,0,0,false
apache/hudi,platform,test-path,hudi-common/src/test/resources/exampleSchema.avsc,1,1,3,2,0,0,0,0,false
apache/hudi,platform,test-path,hudi-common/src/test/resources/exampleSchemaWithMetaFields.avsc,1,1,9,2,0,0,0,0,false
apache/hudi,platform,test-path,hudi-common/src/test/resources/exampleSchemaWithUDT.avsc,2,2,7,4,1,1,1,1,true
apache/hudi,platform,test-path,hudi-common/src/test/resources/local-timestamp-logical-type.avsc,1,1,2,2,0,0,0,0,false
apache/hudi,platform,test-path,hudi-common/src/test/resources/local-timestamp-micros-logical-type.avsc,1,1,1,1,0,0,0,0,false
apache/hudi,platform,test-path,hudi-common/src/test/resources/local-timestamp-millis-logical-type.avsc,1,1,1,1,0,0,0,0,false
apache/hudi,platform,test-path,hudi-common/src/test/resources/nullRight.avsc,7,2,20,10,2,0,2,0,true
apache/hudi,platform,test-path,hudi-common/src/test/resources/nullWrong.avsc,7,2,20,10,2,0,2,0,true
apache/hudi,platform,test-path,hudi-common/src/test/resources/simple-test-doced.avsc,1,1,3,3,0,0,0,0,false
apache/hudi,platform,test-path,hudi-common/src/test/resources/simple-test-evolved-compatible.avsc,1,1,5,3,0,0,0,0,false
apache/hudi,platform,test-path,hudi-common/src/test/resources/simple-test-evolved.avsc,1,1,6,0,0,0,0,0,false
apache/hudi,platform,test-path,hudi-common/src/test/resources/simple-test.avsc,1,1,3,3,0,0,0,0,false
apache/hudi,platform,test-path,hudi-common/src/test/resources/source_evolved.avsc,3,2,26,25,1,1,1,1,true
apache/hudi,platform,test-path,hudi-common/src/test/resources/time-logical-type.avsc,1,1,2,2,0,0,0,0,false
apache/hudi,platform,test-path,hudi-common/src/test/resources/timestamp-logical-type.avsc,1,1,2,0,0,0,0,0,false
apache/hudi,platform,test-path,hudi-common/src/test/resources/timestamp-logical-type2.avsc,1,1,2,2,0,0,0,0,false
apache/hudi,platform,test-path,hudi-common/src/test/resources/timestamp-test-evolved.avsc,1,1,4,0,0,0,0,0,false
apache/hudi,platform,test-path,hudi-common/src/test/resources/uuid-logical-type.avsc,1,1,1,1,0,0,0,0,false
apache/hudi,platform,test-path,hudi-flink-datasource/hudi-flink/src/test/resources/test_read_schema.avsc,1,1,5,0,0,0,0,0,false
apache/hudi,platform,test-path,hudi-flink-datasource/hudi-flink/src/test/resources/test_read_schema_dropped_age.avsc,1,1,4,0,0,0,0,0,false
apache/hudi,platform,test-path,hudi-hadoop-common/src/test/resources/parquet-java/all.avsc,2,2,18,17,4,3,2,2,true
apache/hudi,platform,test-path,hudi-hadoop-common/src/test/resources/parquet-java/allFromParquetNewBehavior.avsc,3,2,18,17,4,3,1,1,true
apache/hudi,platform,test-path,hudi-hadoop-common/src/test/resources/parquet-java/allFromParquetOldBehavior.avsc,4,2,19,17,4,4,1,1,true
apache/hudi,platform,test-path,hudi-hadoop-common/src/test/resources/parquet-java/fixedToInt96.avsc,2,2,7,7,1,0,1,1,true
apache/hudi,platform,test-path,hudi-hadoop-mr/src/test/resources/sample1.avsc,1,1,4,4,0,0,0,0,false
apache/hudi,platform,test-path,hudi-hadoop-mr/src/test/resources/test_timetype.avsc,1,1,5,5,0,0,0,0,false
apache/hudi,platform,test-path,hudi-spark-datasource/hudi-spark/src/test/resources/schema_with_logical_types.avsc,2,2,23,16,1,1,1,1,true
apache/hudi,platform,test-path,hudi-utilities/src/test/resources/logical-repair/schema.avsc,1,1,18,17,0,0,0,0,false
apache/hudi,platform,test-path,hudi-utilities/src/test/resources/schema-provider/proto/oneof_schema.avsc,2,2,4,1,0,0,0,0,false
apache/hudi,platform,test-path,hudi-utilities/src/test/resources/schema-provider/proto/parent_schema_recursive_default_limit.avsc,12,7,24,13,1,1,0,0,true
apache/hudi,platform,test-path,hudi-utilities/src/test/resources/schema-provider/proto/parent_schema_recursive_depth_2.avsc,6,4,12,7,1,1,0,0,true
apache/hudi,platform,test-path,hudi-utilities/src/test/resources/schema-provider/proto/sample_schema_defaults.avsc,6,3,38,26,4,4,0,0,true
apache/hudi,platform,test-path,hudi-utilities/src/test/resources/schema-provider/proto/sample_schema_wrapped_and_timestamp_as_record.avsc,16,3,49,37,4,4,0,0,true
apache/hudi,platform,test-path,hudi-utilities/src/test/resources/schema/cdc_envelope_new.avsc,4,2,48,23,0,0,0,0,false
apache/hudi,platform,test-path,hudi-utilities/src/test/resources/schema/cdc_envelope_old.avsc,4,2,44,23,0,0,0,0,false
apache/hudi,platform,test-path,hudi-utilities/src/test/resources/schema/evolved-test-with-default-value.avsc,1,1,6,4,0,0,0,0,false
apache/hudi,platform,test-path,hudi-utilities/src/test/resources/schema/nested_data_schema.avsc,4,3,13,10,0,0,0,0,false
apache/hudi,platform,test-path,hudi-utilities/src/test/resources/schema/sample_data_schema.avsc,1,1,1,1,0,0,0,0,false
apache/hudi,platform,test-path,hudi-utilities/src/test/resources/schema/sample_gcs_data.avsc,1,1,2,0,0,0,0,0,false
apache/hudi,platform,test-path,hudi-utilities/src/test/resources/schema/simple-test-with-default-value.avsc,1,1,5,4,0,0,0,0,false
apache/hudi,platform,test-path,hudi-utilities/src/test/resources/streamer-config/complex-source.avsc,2,2,54,0,2,2,0,0,true
apache/hudi,platform,test-path,hudi-utilities/src/test/resources/streamer-config/file_schema_provider_valid.avsc,2,2,5,5,0,0,0,0,false
apache/hudi,platform,test-path,hudi-utilities/src/test/resources/streamer-config/gcs-metadata.avsc,1,1,21,1,0,0,0,0,false
apache/hudi,platform,test-path,hudi-utilities/src/test/resources/streamer-config/hive_schema_provider_source.avsc,1,1,10,0,0,0,0,0,false
apache/hudi,platform,test-path,hudi-utilities/src/test/resources/streamer-config/hive_schema_provider_target.avsc,1,1,10,0,0,0,0,0,false
apache/hudi,platform,test-path,hudi-utilities/src/test/resources/streamer-config/s3-metadata.avsc,7,4,22,0,0,0,0,0,false
apache/hudi,platform,test-path,hudi-utilities/src/test/resources/streamer-config/source-flattened.avsc,1,1,13,13,0,0,0,0,false
apache/hudi,platform,test-path,hudi-utilities/src/test/resources/streamer-config/source-jdbc.avsc,1,1,9,1,0,0,0,0,false
apache/hudi,platform,test-path,hudi-utilities/src/test/resources/streamer-config/source-timestamp-millis.avsc,3,2,25,25,1,1,1,1,false
apache/hudi,platform,test-path,hudi-utilities/src/test/resources/streamer-config/source.avsc,3,2,25,25,1,1,1,1,false
apache/hudi,platform,test-path,hudi-utilities/src/test/resources/streamer-config/source_evolved.avsc,3,2,26,25,1,1,1,1,true
apache/hudi,platform,test-path,hudi-utilities/src/test/resources/streamer-config/source_short_trip_uber.avsc,1,1,6,6,0,0,0,0,false
apache/hudi,platform,test-path,hudi-utilities/src/test/resources/streamer-config/source_uber.avsc,1,1,6,6,0,0,0,0,false
apache/hudi,platform,test-path,hudi-utilities/src/test/resources/streamer-config/source_uber_encoded_decimal.avsc,1,1,9,9,0,0,0,0,false
apache/hudi,platform,test-path,hudi-utilities/src/test/resources/streamer-config/target-flattened.avsc,1,1,14,14,0,0,0,0,false
apache/hudi,platform,test-path,hudi-utilities/src/test/resources/streamer-config/target.avsc,3,2,26,26,1,1,1,1,false
apache/hudi,platform,test-path,hudi-utilities/src/test/resources/streamer-config/target_short_trip_uber.avsc,1,1,6,6,0,0,0,0,false
apache/hudi,platform,test-path,hudi-utilities/src/test/resources/streamer-config/target_uber.avsc,1,1,6,6,0,0,0,0,false
apache/nifi,platform,test-path,nifi-extension-bundles/nifi-avro-bundle/nifi-avro-processors/src/test/resources/array.avsc,0,0,0,0,1,1,0,0,false
apache/nifi,platform,test-path,nifi-extension-bundles/nifi-avro-bundle/nifi-avro-processors/src/test/resources/user.avsc,1,1,3,1,0,0,0,0,false
apache/nifi,platform,test-path,nifi-extension-bundles/nifi-enrich-bundle/nifi-enrich-processors/src/test/resources/avro/record_schema.avsc,2,2,10,9,0,0,0,0,false
apache/nifi,platform,test-path,nifi-extension-bundles/nifi-extension-utils/nifi-record-utils/nifi-avro-record-utils/src/test/resources/person-old-schema.avsc,1,1,3,1,0,0,0,0,false
apache/nifi,platform,test-path,nifi-extension-bundles/nifi-extension-utils/nifi-record-utils/nifi-avro-record-utils/src/test/resources/person.avsc,1,1,3,1,0,0,0,0,false
apache/nifi,platform,test-path,nifi-extension-bundles/nifi-gcp-bundle/nifi-gcp-processors/src/test/resources/bigquery/avrodecimal.avsc,1,1,1,0,0,0,0,0,false
apache/nifi,platform,test-path,nifi-extension-bundles/nifi-gcp-bundle/nifi-gcp-processors/src/test/resources/bigquery/avrofloat.avsc,1,1,1,0,0,0,0,0,false
apache/nifi,platform,test-path,nifi-extension-bundles/nifi-gcp-bundle/nifi-gcp-processors/src/test/resources/bigquery/avroint.avsc,1,1,1,0,0,0,0,0,false
apache/nifi,platform,test-path,nifi-extension-bundles/nifi-gcp-bundle/nifi-gcp-processors/src/test/resources/bigquery/schema-correct-data-with-date.avsc,4,2,17,4,2,2,0,0,true
apache/nifi,platform,test-path,nifi-extension-bundles/nifi-geohash-bundle/nifi-geohash-processors/src/test/resources/record_schema.avsc,1,1,4,1,0,0,0,0,false
apache/nifi,platform,test-path,nifi-extension-bundles/nifi-jolt-bundle/nifi-jolt-processors/src/test/resources/TestJoltTransformRecord/cardrOutputSchema.avsc,5,3,7,5,0,0,0,0,false
apache/nifi,platform,test-path,nifi-extension-bundles/nifi-jolt-bundle/nifi-jolt-processors/src/test/resources/TestJoltTransformRecord/chainrOutputSchema.avsc,4,3,11,6,1,1,0,0,true
apache/nifi,platform,test-path,nifi-extension-bundles/nifi-jolt-bundle/nifi-jolt-processors/src/test/resources/TestJoltTransformRecord/defaultrELOutputSchema.avsc,6,3,19,17,1,1,0,0,true
apache/nifi,platform,test-path,nifi-extension-bundles/nifi-jolt-bundle/nifi-jolt-processors/src/test/resources/TestJoltTransformRecord/defaultrOutputSchema.avsc,5,3,17,15,1,1,0,0,true
apache/nifi,platform,test-path,nifi-extension-bundles/nifi-jolt-bundle/nifi-jolt-processors/src/test/resources/TestJoltTransformRecord/inputSchema.avsc,5,3,7,5,1,1,0,0,true
apache/nifi,platform,test-path,nifi-extension-bundles/nifi-jolt-bundle/nifi-jolt-processors/src/test/resources/TestJoltTransformRecord/modifierDefineOutputSchema.avsc,6,3,9,6,1,1,0,0,true
apache/nifi,platform,test-path,nifi-extension-bundles/nifi-jolt-bundle/nifi-jolt-processors/src/test/resources/TestJoltTransformRecord/modifierOverwriteOutputSchema.avsc,5,3,8,6,1,1,0,0,true
apache/nifi,platform,test-path,nifi-extension-bundles/nifi-jolt-bundle/nifi-jolt-processors/src/test/resources/TestJoltTransformRecord/multipleChainrOutputSchema.avsc,4,3,7,7,3,3,0,0,false
apache/nifi,platform,test-path,nifi-extension-bundles/nifi-jolt-bundle/nifi-jolt-processors/src/test/resources/TestJoltTransformRecord/multipleToMultipleChainrOutputSchema.avsc,1,1,1,1,0,0,0,0,false
apache/nifi,platform,test-path,nifi-extension-bundles/nifi-jolt-bundle/nifi-jolt-processors/src/test/resources/TestJoltTransformRecord/removrOutputSchema.avsc,4,3,5,4,1,1,0,0,true
apache/nifi,platform,test-path,nifi-extension-bundles/nifi-jolt-bundle/nifi-jolt-processors/src/test/resources/TestJoltTransformRecord/shiftrOutputSchema.avsc,3,3,4,2,0,0,0,0,false
apache/nifi,platform,test-path,nifi-extension-bundles/nifi-jolt-bundle/nifi-jolt-processors/src/test/resources/TestJoltTransformRecord/shiftrOutputSchemaMultipleOutputRecords.avsc,1,1,3,3,0,0,0,0,false
apache/nifi,platform,test-path,nifi-extension-bundles/nifi-jolt-bundle/nifi-jolt-processors/src/test/resources/TestJoltTransformRecord/sortrOutputSchema.avsc,5,3,7,5,1,1,0,0,true
apache/nifi,platform,test-path,nifi-extension-bundles/nifi-mongodb-bundle/nifi-mongodb-services/src/test/resources/simple.avsc,1,1,1,1,0,0,0,0,false
apache/nifi,platform,test-path,nifi-extension-bundles/nifi-parquet-bundle/nifi-parquet-processors/src/test/resources/avro/all-minus-enum.avsc,2,2,13,13,1,1,1,1,false
apache/nifi,platform,test-path,nifi-extension-bundles/nifi-parquet-bundle/nifi-parquet-processors/src/test/resources/avro/user-with-array.avsc,1,1,3,2,1,0,0,0,true
apache/nifi,platform,test-path,nifi-extension-bundles/nifi-parquet-bundle/nifi-parquet-processors/src/test/resources/avro/user-with-fixed-decimal.avsc,1,1,2,1,0,0,0,0,false
apache/nifi,platform,test-path,nifi-extension-bundles/nifi-parquet-bundle/nifi-parquet-processors/src/test/resources/avro/user-with-nullable-array.avsc,1,1,3,1,1,0,0,0,true
apache/nifi,platform,test-path,nifi-extension-bundles/nifi-parquet-bundle/nifi-parquet-processors/src/test/resources/avro/user.avsc,1,1,3,1,0,0,0,0,false
apache/nifi,platform,source-path,nifi-extension-bundles/nifi-site-to-site-reporting-bundle/nifi-site-to-site-reporting-task/src/main/resources/schema-bulletins.avsc,1,1,16,3,0,0,0,0,false
apache/nifi,platform,source-path,nifi-extension-bundles/nifi-site-to-site-reporting-bundle/nifi-site-to-site-reporting-task/src/main/resources/schema-metrics.avsc,1,1,30,24,0,0,0,0,false
apache/nifi,platform,source-path,nifi-extension-bundles/nifi-site-to-site-reporting-bundle/nifi-site-to-site-reporting-task/src/main/resources/schema-provenance.avsc,1,1,28,12,2,2,2,2,true
apache/nifi,platform,source-path,nifi-extension-bundles/nifi-site-to-site-reporting-bundle/nifi-site-to-site-reporting-task/src/main/resources/schema-status.avsc,1,1,60,9,0,0,1,1,true
apache/nifi,platform,test-path,nifi-extension-bundles/nifi-standard-bundle/nifi-standard-processors/src/test/resources/TestConvertRecord/schema/person.avsc,2,2,5,4,0,0,0,0,false
apache/nifi,platform,test-path,nifi-extension-bundles/nifi-standard-bundle/nifi-standard-processors/src/test/resources/TestConvertRecord/schema/personJob.avsc,3,2,8,4,1,1,0,0,true
apache/nifi,platform,test-path,nifi-extension-bundles/nifi-standard-bundle/nifi-standard-processors/src/test/resources/TestConvertRecord/schema/person_with_union_enum_string.avsc,2,2,5,4,0,0,0,0,false
apache/nifi,platform,test-path,nifi-extension-bundles/nifi-standard-bundle/nifi-standard-processors/src/test/resources/TestExtractRecordSchema/name_age_schema.avsc,1,1,2,0,0,0,0,0,false
apache/nifi,platform,test-path,nifi-extension-bundles/nifi-standard-bundle/nifi-standard-processors/src/test/resources/TestForkRecord/schema/extract-schema.avsc,2,2,6,6,0,0,0,0,false
apache/nifi,platform,test-path,nifi-extension-bundles/nifi-standard-bundle/nifi-standard-processors/src/test/resources/TestForkRecord/schema/schema.avsc,5,3,14,11,3,3,0,0,true
apache/nifi,platform,test-path,nifi-extension-bundles/nifi-standard-bundle/nifi-standard-processors/src/test/resources/TestGenerateRecord/nested_no_nullable.avsc,5,3,9,9,1,1,0,0,false
apache/nifi,platform,test-path,nifi-extension-bundles/nifi-standard-bundle/nifi-standard-processors/src/test/resources/TestGenerateRecord/nested_nullable.avsc,5,3,11,0,1,1,0,0,true
apache/nifi,platform,test-path,nifi-extension-bundles/nifi-standard-bundle/nifi-standard-processors/src/test/resources/TestMergeContent/place.avsc,1,1,1,1,0,0,0,0,false
apache/nifi,platform,test-path,nifi-extension-bundles/nifi-standard-bundle/nifi-standard-processors/src/test/resources/TestMergeContent/user.avsc,1,1,3,1,0,0,0,0,false
apache/nifi,platform,test-path,nifi-extension-bundles/nifi-standard-bundle/nifi-standard-processors/src/test/resources/TestRemoveRecordField/input_schema/address-array.avsc,3,3,8,8,1,1,0,0,false
apache/nifi,platform,test-path,nifi-extension-bundles/nifi-standard-bundle/nifi-standard-processors/src/test/resources/TestRemoveRecordField/input_schema/address-choice.avsc,3,3,7,7,0,0,0,0,false
apache/nifi,platform,test-path,nifi-extension-bundles/nifi-standard-bundle/nifi-standard-processors/src/test/resources/TestRemoveRecordField/input_schema/bookshelf-map.avsc,2,2,3,3,0,0,1,1,false
apache/nifi,platform,test-path,nifi-extension-bundles/nifi-standard-bundle/nifi-standard-processors/src/test/resources/TestRemoveRecordField/input_schema/complex-person.avsc,5,3,15,15,0,0,0,0,false
apache/nifi,platform,test-path,nifi-extension-bundles/nifi-standard-bundle/nifi-standard-processors/src/test/resources/TestRemoveRecordField/input_schema/name-choice.avsc,2,2,4,4,0,0,0,0,false
apache/nifi,platform,test-path,nifi-extension-bundles/nifi-standard-bundle/nifi-standard-processors/src/test/resources/TestRemoveRecordField/output_schema/address-array-field-removed.avsc,1,1,2,2,0,0,0,0,false
apache/nifi,platform,test-path,nifi-extension-bundles/nifi-standard-bundle/nifi-standard-processors/src/test/resources/TestRemoveRecordField/output_schema/address-array-zip-removed.avsc,3,3,7,7,1,1,0,0,false
apache/nifi,platform,test-path,nifi-extension-bundles/nifi-standard-bundle/nifi-standard-processors/src/test/resources/TestRemoveRecordField/output_schema/address-array.avsc,3,3,8,8,1,1,0,0,false
apache/nifi,platform,test-path,nifi-extension-bundles/nifi-standard-bundle/nifi-standard-processors/src/test/resources/TestRemoveRecordField/output_schema/address-choice-letter-removed-from-building.avsc,3,3,6,6,0,0,0,0,false
apache/nifi,platform,test-path,nifi-extension-bundles/nifi-standard-bundle/nifi-standard-processors/src/test/resources/TestRemoveRecordField/output_schema/bookshelf-map-author-field-removed.avsc,2,2,2,2,0,0,1,1,false
apache/nifi,platform,test-path,nifi-extension-bundles/nifi-standard-bundle/nifi-standard-processors/src/test/resources/TestRemoveRecordField/output_schema/bookshelf-map.avsc,2,2,3,3,0,0,1,1,false
apache/nifi,platform,test-path,nifi-extension-bundles/nifi-standard-bundle/nifi-standard-processors/src/test/resources/TestRemoveRecordField/output_schema/complex-person-multiple-fields-removed.avsc,4,3,10,10,0,0,0,0,false
apache/nifi,platform,test-path,nifi-extension-bundles/nifi-standard-bundle/nifi-standard-processors/src/test/resources/TestRemoveRecordField/output_schema/complex-person-no-dateOfBirth.avsc,5,3,14,14,0,0,0,0,false
apache/nifi,platform,test-path,nifi-extension-bundles/nifi-standard-bundle/nifi-standard-processors/src/test/resources/TestRemoveRecordField/output_schema/complex-person-no-workAddress-building-letter.avsc,5,3,14,14,0,0,0,0,false
apache/nifi,platform,test-path,nifi-extension-bundles/nifi-standard-bundle/nifi-standard-processors/src/test/resources/TestRemoveRecordField/output_schema/complex-person-no-workAddress.avsc,3,3,9,9,0,0,0,0,false
apache/nifi,platform,test-path,nifi-extension-bundles/nifi-standard-bundle/nifi-standard-processors/src/test/resources/TestRemoveRecordField/output_schema/complex-person.avsc,5,3,15,15,0,0,0,0,false
apache/nifi,platform,test-path,nifi-extension-bundles/nifi-standard-bundle/nifi-standard-processors/src/test/resources/TestRemoveRecordField/output_schema/name-choice-firstName-removed.avsc,2,2,3,3,0,0,0,0,false
apache/nifi,platform,test-path,nifi-extension-bundles/nifi-standard-bundle/nifi-standard-processors/src/test/resources/TestUpdateRecord/schema/embedded-record.avsc,3,3,5,4,0,0,0,0,false
apache/nifi,platform,test-path,nifi-extension-bundles/nifi-standard-bundle/nifi-standard-processors/src/test/resources/TestUpdateRecord/schema/multi-arrays.avsc,3,3,6,3,3,3,0,0,true
apache/nifi,platform,test-path,nifi-extension-bundles/nifi-standard-bundle/nifi-standard-processors/src/test/resources/TestUpdateRecord/schema/name-fields-only.avsc,1,1,2,2,0,0,0,0,false
apache/nifi,platform,test-path,nifi-extension-bundles/nifi-standard-bundle/nifi-standard-processors/src/test/resources/TestUpdateRecord/schema/organisation-with-departments-string.avsc,1,1,1,1,0,0,0,0,false
apache/nifi,platform,test-path,nifi-extension-bundles/nifi-standard-bundle/nifi-standard-processors/src/test/resources/TestUpdateRecord/schema/organisation-with-departments.avsc,3,2,8,0,1,1,0,0,true
apache/nifi,platform,test-path,nifi-extension-bundles/nifi-standard-bundle/nifi-standard-processors/src/test/resources/TestUpdateRecord/schema/person-with-address.avsc,3,2,7,6,1,1,0,0,true
apache/nifi,platform,test-path,nifi-extension-bundles/nifi-standard-bundle/nifi-standard-processors/src/test/resources/TestUpdateRecord/schema/person-with-name-and-mother.avsc,2,2,5,5,0,0,0,0,false
apache/nifi,platform,test-path,nifi-extension-bundles/nifi-standard-bundle/nifi-standard-processors/src/test/resources/TestUpdateRecord/schema/person-with-name-record.avsc,2,2,4,4,0,0,0,0,false
apache/nifi,platform,test-path,nifi-extension-bundles/nifi-standard-bundle/nifi-standard-processors/src/test/resources/TestUpdateRecord/schema/person-with-name-string-fields.avsc,1,1,3,3,0,0,0,0,false
apache/nifi,platform,test-path,nifi-extension-bundles/nifi-standard-bundle/nifi-standard-processors/src/test/resources/TestUpdateRecord/schema/person-with-name-string.avsc,1,1,2,2,0,0,0,0,false
apache/nifi,platform,test-path,nifi-extension-bundles/nifi-standard-bundle/nifi-standard-processors/src/test/resources/TestUpdateRecord/schema/person-with-stringified-name.avsc,1,1,2,2,0,0,0,0,false
apache/nifi,platform,test-path,nifi-extension-bundles/nifi-standard-bundle/nifi-standard-processors/src/test/resources/TestUpdateRecord/schema/uuid-list-test-child.avsc,1,1,2,1,1,1,0,0,true
apache/nifi,platform,test-path,nifi-extension-bundles/nifi-standard-bundle/nifi-standard-processors/src/test/resources/TestUpdateRecord/schema/uuid-list-test-parent.avsc,2,2,5,4,1,1,0,0,true
apache/nifi,platform,test-path,nifi-extension-bundles/nifi-standard-bundle/nifi-standard-processors/src/test/resources/TestValidateRecord/int-maps-schema.avsc,2,2,5,4,1,1,2,2,true
apache/nifi,platform,test-path,nifi-extension-bundles/nifi-standard-bundle/nifi-standard-processors/src/test/resources/TestValidateRecord/missing-array-with-default.avsc,2,2,2,2,1,1,0,0,false
apache/nifi,platform,test-path,nifi-extension-bundles/nifi-standard-bundle/nifi-standard-processors/src/test/resources/TestValidateRecord/missing-array.avsc,2,2,2,2,1,1,0,0,false
apache/nifi,platform,test-path,nifi-extension-bundles/nifi-standard-bundle/nifi-standard-processors/src/test/resources/TestValidateRecord/nested-map-schema.avsc,2,2,3,2,1,1,1,1,true
apache/nifi,platform,test-path,nifi-extension-bundles/nifi-standard-bundle/nifi-standard-processors/src/test/resources/TestValidateRecord/timestamp.avsc,1,1,1,1,0,0,0,0,false
apache/nifi,platform,test-path,nifi-extension-bundles/nifi-standard-services/nifi-record-serialization-services-bundle/nifi-record-serialization-services/src/test/resources/avro/avro_schemaless.avsc,1,1,2,1,0,0,0,0,false
apache/nifi,platform,test-path,nifi-extension-bundles/nifi-standard-services/nifi-record-serialization-services-bundle/nifi-record-serialization-services/src/test/resources/avro/avro_schemaless_decimal.avsc,1,1,2,1,0,0,0,0,false
apache/nifi,platform,test-path,nifi-extension-bundles/nifi-standard-services/nifi-record-serialization-services-bundle/nifi-record-serialization-services/src/test/resources/avro/datatypes.avsc,2,2,12,11,1,1,1,1,true
apache/nifi,platform,test-path,nifi-extension-bundles/nifi-standard-services/nifi-record-serialization-services-bundle/nifi-record-serialization-services/src/test/resources/avro/decimals-bytes-fixed.avsc,1,1,2,2,0,0,0,0,false
apache/nifi,platform,test-path,nifi-extension-bundles/nifi-standard-services/nifi-record-serialization-services-bundle/nifi-record-serialization-services/src/test/resources/avro/decimals.avsc,1,1,4,4,0,0,0,0,false
apache/nifi,platform,test-path,nifi-extension-bundles/nifi-standard-services/nifi-record-serialization-services-bundle/nifi-record-serialization-services/src/test/resources/avro/fixed16.avsc,1,1,1,1,0,0,0,0,false
apache/nifi,platform,test-path,nifi-extension-bundles/nifi-standard-services/nifi-record-serialization-services-bundle/nifi-record-serialization-services/src/test/resources/avro/logical-types-nullable.avsc,1,1,6,0,0,0,0,0,false
apache/nifi,platform,test-path,nifi-extension-bundles/nifi-standard-services/nifi-record-serialization-services-bundle/nifi-record-serialization-services/src/test/resources/avro/logical-types.avsc,1,1,6,6,0,0,0,0,false
apache/nifi,platform,test-path,nifi-extension-bundles/nifi-standard-services/nifi-record-serialization-services-bundle/nifi-record-serialization-services/src/test/resources/avro/multiple-types.avsc,1,1,1,0,1,1,0,0,true
apache/nifi,platform,test-path,nifi-extension-bundles/nifi-standard-services/nifi-record-serialization-services-bundle/nifi-record-serialization-services/src/test/resources/avro/recursive.avsc,1,1,3,1,0,0,0,0,false
apache/nifi,platform,test-path,nifi-extension-bundles/nifi-standard-services/nifi-record-serialization-services-bundle/nifi-record-serialization-services/src/test/resources/avro/schemaless_simple_record.avsc,1,1,3,0,0,0,0,0,false
apache/nifi,platform,test-path,nifi-extension-bundles/nifi-standard-services/nifi-record-serialization-services-bundle/nifi-record-serialization-services/src/test/resources/avro/schemaless_simple_record_extra_field.avsc,1,1,4,4,0,0,0,0,false
apache/nifi,platform,test-path,nifi-extension-bundles/nifi-standard-services/nifi-record-serialization-services-bundle/nifi-record-serialization-services/src/test/resources/avro/simple.avsc,1,1,1,1,0,0,0,0,false
apache/nifi,platform,test-path,nifi-extension-bundles/nifi-standard-services/nifi-record-serialization-services-bundle/nifi-record-serialization-services/src/test/resources/json/choice-of-string-or-array-record.avsc,3,3,3,0,2,2,0,0,true
apache/nifi,platform,test-path,nifi-extension-bundles/nifi-standard-services/nifi-record-serialization-services-bundle/nifi-record-serialization-services/src/test/resources/json/record-choice.avsc,3,2,4,4,0,0,0,0,false
apache/flink,platform,test-path,flink-connectors/flink-connector-datagen-test/src/test/resources/avro/user.avsc,1,1,2,2,0,0,0,0,false
apache/flink,platform,source-path,flink-end-to-end-tests/flink-confluent-schema-registry/src/main/resources/avro/user.avsc,1,1,4,4,0,0,0,0,false
apache/flink,platform,source-path,flink-end-to-end-tests/flink-datastream-allround-test/src/main/resources/avro/ComplexPayloadAvro.avsc,2,2,5,5,1,1,0,0,false
apache/flink,platform,source-path,flink-end-to-end-tests/flink-state-evolution-test/src/main/resources/avro/Address.avsc,1,1,6,5,0,0,0,0,false
apache/flink,platform,test-path,flink-formats/flink-avro/src/test/resources/avro/user.avsc,9,1,65,39,6,6,2,2,true
apache/flink,platform,test-path,flink-formats/flink-parquet/src/test/resources/avro/testdata.avsc,1,1,5,5,0,0,0,0,false
apache/flink,platform,test-path,flink-libraries/flink-state-processing-api/src/test/resources/avro/AvroRecord.avsc,1,1,1,1,0,0,0,0,false
apache/flink,platform,test-path,flink-libraries/flink-state-processing-api/src/test/resources/generator/StateTestRecord.avsc,1,1,2,2,0,0,0,0,false
apache/flink,platform,test-path,flink-tests/src/test/resources/avro/user.avsc,1,1,2,2,0,0,0,0,false
apache/samza,platform,test-path,samza-hdfs/src/test/resources/reader/TestEvent.avsc,1,1,2,2,0,0,0,0,false
apache/samza,platform,test-path,samza-sql-shell/src/test/resources/ProfileChangeStream.avsc,1,1,4,0,0,0,0,0,false
apache/samza,platform,test-path,samza-sql/src/test/java/org/apache/samza/sql/avro/schemas/Company.avsc,1,1,2,0,0,0,0,0,false
apache/samza,platform,test-path,samza-sql/src/test/java/org/apache/samza/sql/avro/schemas/ComplexUnion.avsc,1,1,1,1,0,0,0,0,false
apache/samza,platform,test-path,samza-sql/src/test/java/org/apache/samza/sql/avro/schemas/PageView.avsc,1,1,2,0,0,0,0,0,false
apache/samza,platform,test-path,samza-sql/src/test/java/org/apache/samza/sql/avro/schemas/PageViewCount.avsc,1,1,3,0,0,0,0,0,false
apache/samza,platform,test-path,samza-sql/src/test/java/org/apache/samza/sql/avro/schemas/SimpleRecord.avsc,1,1,2,0,0,0,0,0,false
apache/samza,platform,source-path,samza-tools/src/main/java/org/apache/samza/tools/schemas/PageViewEvent.avsc,1,1,4,0,0,0,0,0,false
apache/samza,platform,source-path,samza-tools/src/main/java/org/apache/samza/tools/schemas/ProfileChangeEvent.avsc,1,1,4,0,0,0,0,0,false
apache/pinot,platform,test-path,pinot-core/src/test/resources/data/fakestream/fake_stream_avro_schema.avsc,1,1,79,45,9,9,0,0,true
apache/pinot,platform,test-path,pinot-integration-tests/src/test/resources/dummy.avsc,1,1,1,1,0,0,0,0,false
apache/pinot,platform,test-path,pinot-plugins/pinot-input-format/pinot-avro-base/src/test/resources/fake_avro_nested_schema.avsc,3,2,10,8,2,2,0,0,true
apache/pinot,platform,test-path,pinot-plugins/pinot-input-format/pinot-avro-base/src/test/resources/fake_avro_schema.avsc,1,1,6,1,0,0,0,0,false
apache/druid,platform,test-path,extensions-core/avro-extensions/src/test/avro/some-datum.avsc,4,2,24,22,4,3,3,3,true
apache/beam,platform,test-path,runners/spark/src/test/resources/person.avsc,1,1,3,1,1,1,0,0,true
apache/beam,platform,test-path,sdks/java/core/src/test/avro/org/apache/beam/sdk/io/user.avsc,1,1,3,1,0,0,0,0,false
apache/beam,platform,test-path,sdks/java/core/src/test/avro/org/apache/beam/sdk/schemas/test.avsc,2,2,16,6,1,0,1,0,true
apache/beam,platform,test-path,sdks/java/extensions/avro/src/test/avro/org/apache/beam/sdk/extensions/avro/io/user.avsc,1,1,3,1,0,0,0,0,false
apache/beam,platform,test-path,sdks/java/extensions/avro/src/test/avro/org/apache/beam/sdk/extensions/avro/schemas/logicaltypes/logical-types.avsc,1,1,14,14,0,0,0,0,false
apache/beam,platform,test-path,sdks/java/extensions/avro/src/test/avro/org/apache/beam/sdk/extensions/avro/schemas/test.avsc,3,2,17,6,1,0,1,0,true
apache/parquet-java,platform,test-path,parquet-avro/src/test/avro/logicalType.avsc,2,2,4,4,0,0,0,0,false
apache/parquet-java,platform,test-path,parquet-avro/src/test/avro/stringBehavior.avsc,1,1,6,6,0,0,3,3,false
apache/parquet-java,platform,test-path,parquet-avro/src/test/resources/all.avsc,2,2,18,17,4,3,2,2,true
apache/parquet-java,platform,test-path,parquet-avro/src/test/resources/allFromParquetNewBehavior.avsc,3,2,18,17,4,3,1,1,true
apache/parquet-java,platform,test-path,parquet-avro/src/test/resources/allFromParquetOldBehavior.avsc,4,2,19,17,4,4,1,1,true
apache/parquet-java,platform,test-path,parquet-avro/src/test/resources/array.avsc,1,1,1,1,1,1,0,0,false
apache/parquet-java,platform,test-path,parquet-avro/src/test/resources/fixedToInt96.avsc,2,2,7,7,1,0,1,1,true
apache/parquet-java,platform,test-path,parquet-avro/src/test/resources/list_with_nulls.avsc,1,1,2,1,1,0,0,0,true
apache/parquet-java,platform,test-path,parquet-avro/src/test/resources/map.avsc,1,1,1,1,0,0,1,1,false
apache/parquet-java,platform,test-path,parquet-avro/src/test/resources/map_with_nulls.avsc,1,1,1,1,0,0,1,0,true
apache/parquet-java,platform,test-path,parquet-avro/src/test/resources/nested_array.avsc,2,2,2,0,2,0,0,0,false
apache/camel,platform,test-path,components/camel-avro/src/test/resources/org/apache/camel/dataformat/avro/date.avsc,1,1,2,0,0,0,0,0,false
apache/camel,platform,test-path,components/camel-avro/src/test/resources/org/apache/camel/dataformat/avro/user.avsc,1,1,1,1,0,0,0,0,false
apache/camel,platform,test-path,components/camel-jackson-avro/src/test/resources/org/apache/camel/component/jackson/avro/transform/Person.avsc,1,1,2,2,0,0,0,0,false
apache/camel,platform,test-path,components/camel-jackson3-avro/src/test/resources/org/apache/camel/component/jackson3/avro/transform/Person.avsc,1,1,2,2,0,0,0,0,false
confluentinc/schema-registry,platform,test-path,avro-data/src/test/avro/ArrayOfRecordsWithDefault.avsc,2,2,4,3,1,1,0,0,true
confluentinc/schema-registry,platform,test-path,avro-data/src/test/avro/AvroMessage.avsc,37,6,147,80,5,5,1,1,true
confluentinc/schema-registry,platform,test-path,avro-data/src/test/avro/DocTestRecord.avsc,2,2,2,2,0,0,0,0,false
confluentinc/schema-registry,platform,test-path,avro-data/src/test/avro/Enum.avsc,1,1,2,2,0,0,0,0,false
confluentinc/schema-registry,platform,test-path,avro-data/src/test/avro/EnumStringUnion.avsc,1,1,1,0,0,0,0,0,false
confluentinc/schema-registry,platform,test-path,avro-data/src/test/avro/EnumUnion.avsc,1,1,1,0,0,0,0,0,false
confluentinc/schema-registry,platform,test-path,avro-data/src/test/avro/MultiTypeUnionMessage.avsc,3,2,5,4,1,1,0,0,true
confluentinc/schema-registry,platform,test-path,avro-data/src/test/avro/RepeatedTypeWithDefault.avsc,1,1,7,7,0,0,0,0,false
confluentinc/schema-registry,platform,test-path,avro-data/src/test/avro/RepeatedTypeWithDocFull.avsc,3,2,14,14,0,0,0,0,false
confluentinc/schema-registry,platform,test-path,avro-serde/src/test/avro/extended_user.avsc,1,1,2,2,0,0,0,0,false
confluentinc/schema-registry,platform,test-path,avro-serde/src/test/avro/user.avsc,1,1,1,1,0,0,0,0,false
confluentinc/schema-registry,platform,test-path,avro-serializer/src/test/avro/annotated_user.avsc,1,1,1,1,0,0,0,0,false
confluentinc/schema-registry,platform,test-path,avro-serializer/src/test/avro/extended_user.avsc,1,1,3,2,0,0,0,0,false
confluentinc/schema-registry,platform,test-path,avro-serializer/src/test/avro/grant.avsc,1,1,1,1,0,0,0,0,false
confluentinc/schema-registry,platform,test-path,avro-serializer/src/test/avro/union_test_grant.avsc,1,1,1,1,0,0,0,0,false
confluentinc/schema-registry,platform,test-path,avro-serializer/src/test/avro/union_test_user.avsc,1,1,1,1,0,0,0,0,false
confluentinc/schema-registry,platform,test-path,avro-serializer/src/test/avro/user.avsc,1,1,1,1,0,0,0,0,false
confluentinc/schema-registry,platform,test-path,core/src/test/avro/subrecord.avsc,1,1,1,1,0,0,0,0,false
confluentinc/schema-registry,platform,test-path,schema-rules/src/test/avro/customer.avsc,1,1,9,9,0,0,0,0,false
confluentinc/schema-registry,platform,test-path,schema-rules/src/test/avro/expiringwidget.avsc,1,1,4,4,0,0,0,0,false
confluentinc/schema-registry,platform,test-path,schema-rules/src/test/avro/newerwidget.avsc,1,1,3,3,0,0,0,0,false
confluentinc/schema-registry,platform,test-path,schema-rules/src/test/avro/newwidget.avsc,1,1,3,3,0,0,0,0,false
confluentinc/schema-registry,platform,test-path,schema-rules/src/test/avro/user.avsc,1,1,3,2,1,1,0,0,true
confluentinc/schema-registry,platform,test-path,schema-rules/src/test/avro/widget.avsc,1,1,3,3,0,0,0,0,false
confluentinc/kafka-streams-examples,application,test-path,src/main/resources/avro/io/confluent/examples/streams/global-tables-example.avsc,4,1,12,12,0,0,0,0,false
confluentinc/kafka-streams-examples,application,test-path,src/main/resources/avro/io/confluent/examples/streams/microservices/customer.avsc,1,1,6,6,0,0,0,0,false
confluentinc/kafka-streams-examples,application,test-path,src/main/resources/avro/io/confluent/examples/streams/microservices/order.avsc,2,1,8,8,0,0,0,0,false
confluentinc/kafka-streams-examples,application,test-path,src/main/resources/avro/io/confluent/examples/streams/microservices/orderenriched.avsc,1,1,3,3,0,0,0,0,false
confluentinc/kafka-streams-examples,application,test-path,src/main/resources/avro/io/confluent/examples/streams/microservices/ordervalidation.avsc,1,1,3,3,0,0,0,0,false
confluentinc/kafka-streams-examples,application,test-path,src/main/resources/avro/io/confluent/examples/streams/microservices/payment.avsc,1,1,4,4,0,0,0,0,false
confluentinc/kafka-streams-examples,application,test-path,src/main/resources/avro/io/confluent/examples/streams/pageview.avsc,1,1,4,3,0,0,0,0,false
confluentinc/kafka-streams-examples,application,test-path,src/main/resources/avro/io/confluent/examples/streams/pageviewregion.avsc,1,1,3,3,0,0,0,0,false
confluentinc/kafka-streams-examples,application,test-path,src/main/resources/avro/io/confluent/examples/streams/pageviewstats.avsc,1,1,4,4,0,0,0,0,false
confluentinc/kafka-streams-examples,application,test-path,src/main/resources/avro/io/confluent/examples/streams/playevent.avsc,1,1,2,2,0,0,0,0,false
confluentinc/kafka-streams-examples,application,test-path,src/main/resources/avro/io/confluent/examples/streams/song.avsc,1,1,5,5,0,0,0,0,false
confluentinc/kafka-streams-examples,application,test-path,src/main/resources/avro/io/confluent/examples/streams/songplaycount.avsc,1,1,2,2,0,0,0,0,false
confluentinc/kafka-streams-examples,application,test-path,src/main/resources/avro/io/confluent/examples/streams/userprofile.avsc,1,1,2,1,0,0,0,0,false
confluentinc/kafka-streams-examples,application,test-path,src/main/resources/avro/io/confluent/examples/streams/wikifeed.avsc,1,1,3,2,0,0,0,0,false
linkedin/datahub,application,source-path,metadata-events/mxe-utils-avro/src/main/resources/v1/avro/com/linkedin/mxe/FailedMetadataChangeEvent.avsc,162,7,524,267,118,118,21,21,true
linkedin/datahub,application,source-path,metadata-events/mxe-utils-avro/src/main/resources/v1/avro/com/linkedin/mxe/FailedMetadataChangeProposal.avsc,5,3,30,10,0,0,2,2,true
linkedin/datahub,application,source-path,metadata-events/mxe-utils-avro/src/main/resources/v1/avro/com/linkedin/mxe/GenericAspect.avsc,1,1,2,2,0,0,0,0,false
linkedin/datahub,application,source-path,metadata-events/mxe-utils-avro/src/main/resources/v1/avro/com/linkedin/mxe/GenericPayload.avsc,1,1,2,2,0,0,0,0,false
linkedin/datahub,application,source-path,metadata-events/mxe-utils-avro/src/main/resources/v1/avro/com/linkedin/mxe/MetadataAuditEvent.avsc,161,6,523,265,118,118,21,21,true
linkedin/datahub,application,source-path,metadata-events/mxe-utils-avro/src/main/resources/v1/avro/com/linkedin/mxe/MetadataChangeEvent.avsc,161,6,521,265,118,118,21,21,true
linkedin/datahub,application,source-path,metadata-events/mxe-utils-avro/src/main/resources/v1/avro/com/linkedin/mxe/MetadataChangeLog.avsc,5,2,34,10,0,0,2,2,true
linkedin/datahub,application,source-path,metadata-events/mxe-utils-avro/src/main/resources/v1/avro/com/linkedin/mxe/MetadataChangeProposal.avsc,4,2,27,8,0,0,2,2,true
linkedin/datahub,application,source-path,metadata-events/mxe-utils-avro/src/main/resources/v1/avro/com/linkedin/mxe/PlatformEvent.avsc,3,2,6,6,0,0,0,0,false
linkedin/datahub,application,source-path,metadata-events/mxe-utils-avro/src/main/resources/v1/avro/com/linkedin/mxe/PlatformEventHeader.avsc,1,1,1,1,0,0,0,0,false
linkedin/datahub,application,source-path,metadata-events/mxe-utils-avro/src/main/resources/v1/avro/com/linkedin/mxe/SystemMetadata.avsc,1,1,8,0,0,0,1,1,true
linkedin/datahub,application,test-path,metadata-ingestion/examples/structured_properties/click_event.avsc,2,2,10,6,0,0,0,0,false
linkedin/datahub,application,test-path,metadata-ingestion/tests/integration/kafka/key_schema.avsc,1,1,2,2,0,0,0,0,false
linkedin/datahub,application,test-path,metadata-ingestion/tests/integration/kafka/numeric_schema.avsc,1,1,3,3,0,0,0,0,false
linkedin/datahub,application,test-path,metadata-ingestion/tests/integration/kafka/value_schema.avsc,1,1,3,1,0,0,0,0,false
linkedin/datahub,application,source-path,metadata-integration/java/datahub-client/src/main/resources/MetadataChangeProposal.avsc,5,3,34,10,0,0,2,2,true
linkedin/datahub,application,source-path,metadata-integration/java/datahub-event/src/main/resources/MetadataChangeProposal.avsc,5,3,34,10,0,0,2,2,true
linkedin/datahub,application,test-path,metadata-integration/java/datahub-schematron/cli/src/test/resources/CustomerProfile.avsc,14,3,50,37,4,3,2,0,true
linkedin/datahub,application,test-path,metadata-integration/java/datahub-schematron/cli/src/test/resources/CustomerProfile2.avsc,11,3,30,27,2,2,2,1,true
linkedin/datahub,application,test-path,metadata-integration/java/datahub-schematron/cli/src/test/resources/FlatUser.avsc,1,1,6,6,0,0,0,0,false
linkedin/datahub,application,test-path,metadata-integration/java/datahub-schematron/lib/src/test/resources/complex_arrays.avsc,3,2,11,11,8,6,1,1,true
linkedin/datahub,application,test-path,metadata-integration/java/datahub-schematron/lib/src/test/resources/complex_maps.avsc,3,2,11,11,1,1,8,5,true
linkedin/datahub,application,test-path,metadata-integration/java/datahub-schematron/lib/src/test/resources/complex_structs.avsc,3,3,11,9,1,1,2,2,true
linkedin/datahub,application,test-path,metadata-integration/java/datahub-schematron/lib/src/test/resources/complex_unions.avsc,3,2,7,4,0,0,1,1,true
linkedin/datahub,application,test-path,metadata-integration/java/datahub-schematron/lib/src/test/resources/cyclic_references.avsc,1,1,2,1,0,0,0,0,false
linkedin/datahub,application,test-path,metadata-integration/java/datahub-schematron/lib/src/test/resources/logical_types.avsc,1,1,9,9,0,0,0,0,false
linkedin/datahub,application,test-path,metadata-integration/java/datahub-schematron/lib/src/test/resources/primitive_types.avsc,1,1,13,9,0,0,0,0,false
linkedin/datahub,application,test-path,metadata-integration/java/datahub-schematron/lib/src/test/resources/users_record.avsc,3,2,20,1,0,0,1,0,true
linkedin/datahub,application,source-path,smoke-test/test_resources/actions/user_clicks.avsc,1,1,7,3,0,0,0,0,false
linkedin/datahub,application,test-path,smoke-test/tests/e2e/structured_properties/click_event.avsc,1,1,7,3,0,0,0,0,false
linkedin/brooklin,platform,source-path,datastream-common/src/main/avro/com/linkedin/datastream/common/DatastreamEvent.avsc,1,1,4,4,0,0,1,1,false
allegro/hermes,platform,test-path,hermes-common/src/test/resources/cake.avsc,5,2,19,11,2,2,3,3,true
allegro/hermes,platform,test-path,hermes-common/src/test/resources/movie.avsc,3,2,11,9,3,3,0,0,true
allegro/hermes,platform,test-path,hermes-consumers/src/test/resources/schemas/array-primitives/boolean.avsc,1,1,1,1,1,1,0,0,false
allegro/hermes,platform,test-path,hermes-consumers/src/test/resources/schemas/array-primitives/bytes.avsc,1,1,1,1,1,1,0,0,false
allegro/hermes,platform,test-path,hermes-consumers/src/test/resources/schemas/array-primitives/double.avsc,1,1,1,1,1,1,0,0,false
allegro/hermes,platform,test-path,hermes-consumers/src/test/resources/schemas/array-primitives/float.avsc,1,1,1,1,1,1,0,0,false
allegro/hermes,platform,test-path,hermes-consumers/src/test/resources/schemas/array-primitives/int.avsc,1,1,1,1,1,1,0,0,false
allegro/hermes,platform,test-path,hermes-consumers/src/test/resources/schemas/array-primitives/long.avsc,1,1,1,1,1,1,0,0,false
allegro/hermes,platform,test-path,hermes-consumers/src/test/resources/schemas/array-primitives/string.avsc,1,1,1,1,1,1,0,0,false
allegro/hermes,platform,test-path,hermes-consumers/src/test/resources/schemas/default-primitives/boolean.avsc,1,1,1,1,0,0,0,0,false
allegro/hermes,platform,test-path,hermes-consumers/src/test/resources/schemas/default-primitives/bytes.avsc,1,1,1,1,0,0,0,0,false
allegro/hermes,platform,test-path,hermes-consumers/src/test/resources/schemas/default-primitives/double.avsc,1,1,1,1,0,0,0,0,false
allegro/hermes,platform,test-path,hermes-consumers/src/test/resources/schemas/default-primitives/float.avsc,1,1,1,1,0,0,0,0,false
allegro/hermes,platform,test-path,hermes-consumers/src/test/resources/schemas/default-primitives/int.avsc,1,1,1,1,0,0,0,0,false
allegro/hermes,platform,test-path,hermes-consumers/src/test/resources/schemas/default-primitives/long.avsc,1,1,1,1,0,0,0,0,false
allegro/hermes,platform,test-path,hermes-consumers/src/test/resources/schemas/default-primitives/string.avsc,1,1,1,1,0,0,0,0,false
allegro/hermes,platform,test-path,hermes-consumers/src/test/resources/schemas/defaults/array-with-default-items.avsc,1,1,1,1,1,1,0,0,false
allegro/hermes,platform,test-path,hermes-consumers/src/test/resources/schemas/defaults/array-with-default.avsc,1,1,1,1,1,1,0,0,false
allegro/hermes,platform,test-path,hermes-consumers/src/test/resources/schemas/defaults/enum-with-default.avsc,1,1,1,1,0,0,0,0,false
allegro/hermes,platform,test-path,hermes-consumers/src/test/resources/schemas/defaults/map-with-default-values.avsc,1,1,1,1,0,0,1,1,false
allegro/hermes,platform,test-path,hermes-consumers/src/test/resources/schemas/defaults/map-with-default.avsc,1,1,1,1,0,0,1,1,false
allegro/hermes,platform,test-path,hermes-consumers/src/test/resources/schemas/defaults/primitive-with-default.avsc,1,1,1,1,0,0,0,0,false
allegro/hermes,platform,test-path,hermes-consumers/src/test/resources/schemas/defaults/record-with-default.avsc,2,2,2,2,0,0,0,0,false
allegro/hermes,platform,test-path,hermes-consumers/src/test/resources/schemas/defaults/string-with-default.avsc,1,1,1,1,0,0,0,0,false
allegro/hermes,platform,test-path,hermes-consumers/src/test/resources/schemas/defaults/union-with-default.avsc,1,1,1,1,0,0,0,0,false
allegro/hermes,platform,test-path,hermes-consumers/src/test/resources/schemas/map-primitives/boolean.avsc,1,1,1,1,0,0,1,1,false
allegro/hermes,platform,test-path,hermes-consumers/src/test/resources/schemas/map-primitives/bytes.avsc,1,1,1,1,0,0,1,1,false
allegro/hermes,platform,test-path,hermes-consumers/src/test/resources/schemas/map-primitives/double.avsc,1,1,1,1,0,0,1,1,false
allegro/hermes,platform,test-path,hermes-consumers/src/test/resources/schemas/map-primitives/float.avsc,1,1,1,1,0,0,1,1,false
allegro/hermes,platform,test-path,hermes-consumers/src/test/resources/schemas/map-primitives/int.avsc,1,1,1,1,0,0,1,1,false
allegro/hermes,platform,test-path,hermes-consumers/src/test/resources/schemas/map-primitives/long.avsc,1,1,1,1,0,0,1,1,false
allegro/hermes,platform,test-path,hermes-consumers/src/test/resources/schemas/map-primitives/string.avsc,1,1,1,1,0,0,1,1,false
allegro/hermes,platform,test-path,hermes-consumers/src/test/resources/schemas/nullable-primitives/boolean.avsc,1,1,1,0,0,0,0,0,false
allegro/hermes,platform,test-path,hermes-consumers/src/test/resources/schemas/nullable-primitives/bytes.avsc,1,1,1,0,0,0,0,0,false
allegro/hermes,platform,test-path,hermes-consumers/src/test/resources/schemas/nullable-primitives/double.avsc,1,1,1,0,0,0,0,0,false
allegro/hermes,platform,test-path,hermes-consumers/src/test/resources/schemas/nullable-primitives/float.avsc,1,1,1,0,0,0,0,0,false
allegro/hermes,platform,test-path,hermes-consumers/src/test/resources/schemas/nullable-primitives/int.avsc,1,1,1,0,0,0,0,0,false
allegro/hermes,platform,test-path,hermes-consumers/src/test/resources/schemas/nullable-primitives/long.avsc,1,1,1,0,0,0,0,0,false
allegro/hermes,platform,test-path,hermes-consumers/src/test/resources/schemas/nullable-primitives/string.avsc,1,1,1,0,0,0,0,0,false
allegro/hermes,platform,test-path,hermes-consumers/src/test/resources/schemas/primitives/boolean.avsc,1,1,1,1,0,0,0,0,false
allegro/hermes,platform,test-path,hermes-consumers/src/test/resources/schemas/primitives/bytes.avsc,1,1,1,1,0,0,0,0,false
allegro/hermes,platform,test-path,hermes-consumers/src/test/resources/schemas/primitives/double.avsc,1,1,1,1,0,0,0,0,false
allegro/hermes,platform,test-path,hermes-consumers/src/test/resources/schemas/primitives/float.avsc,1,1,1,1,0,0,0,0,false
allegro/hermes,platform,test-path,hermes-consumers/src/test/resources/schemas/primitives/int.avsc,1,1,1,1,0,0,0,0,false
allegro/hermes,platform,test-path,hermes-consumers/src/test/resources/schemas/primitives/long.avsc,1,1,1,1,0,0,0,0,false
allegro/hermes,platform,test-path,hermes-consumers/src/test/resources/schemas/primitives/string.avsc,1,1,1,1,0,0,0,0,false
allegro/hermes,platform,test-path,hermes-consumers/src/test/resources/schemas/record-primitives/boolean.avsc,2,2,2,2,0,0,0,0,false
allegro/hermes,platform,test-path,hermes-consumers/src/test/resources/schemas/record-primitives/bytes.avsc,2,2,2,2,0,0,0,0,false
allegro/hermes,platform,test-path,hermes-consumers/src/test/resources/schemas/record-primitives/double.avsc,2,2,2,2,0,0,0,0,false
allegro/hermes,platform,test-path,hermes-consumers/src/test/resources/schemas/record-primitives/float.avsc,2,2,2,2,0,0,0,0,false
allegro/hermes,platform,test-path,hermes-consumers/src/test/resources/schemas/record-primitives/int.avsc,2,2,2,2,0,0,0,0,false
allegro/hermes,platform,test-path,hermes-consumers/src/test/resources/schemas/record-primitives/long.avsc,2,2,2,2,0,0,0,0,false
allegro/hermes,platform,test-path,hermes-consumers/src/test/resources/schemas/record-primitives/string.avsc,2,2,2,2,0,0,0,0,false
allegro/hermes,platform,source-path,hermes-management/src/main/resources/avro-schema-metadata-field.avsc,1,1,1,0,0,0,1,1,true
allegro/hermes,platform,test-path,hermes-mock/src/test/resources/msg.avsc,1,1,3,3,0,0,0,0,false
allegro/hermes,platform,source-path,hermes-test-helper/src/main/resources/schema/user.avsc,1,1,4,2,0,0,1,1,true
allegro/hermes,platform,source-path,hermes-test-helper/src/main/resources/schema/user_metadata_with_avro_java_string.avsc,1,1,4,2,0,0,1,1,true
allegro/hermes,platform,source-path,hermes-test-helper/src/main/resources/schema/user_no_metadata.avsc,1,1,3,2,0,0,0,0,false
allegro/hermes,platform,source-path,hermes-test-helper/src/main/resources/schema/user_v2.avsc,1,1,5,2,0,0,1,1,true
allegro/hermes,platform,source-path,hermes-test-helper/src/main/resources/schema/user_v3.avsc,1,1,6,2,0,0,1,1,true
spotify/scio,platform,source-path,integration/src/main/resources/avro-integration-test/folder-a/folder-b/shakespeare-schema.avsc,1,1,4,0,0,0,0,0,false
spotify/scio,platform,test-path,integration/src/test/avro/avro-type-provider.avsc,1,1,1,1,0,0,0,0,false
spotify/scio,platform,test-path,scio-avro/src/test/avro/avro-datum-factory-test.avsc,3,2,5,5,1,1,0,0,false
spotify/scio,platform,test-path,scio-avro/src/test/avro/schema.avsc,6,2,23,18,2,2,1,1,true
spotify/scio,platform,test-path,scio-core/src/test/avro/scio-avro-test.avsc,1,1,7,1,1,1,0,0,true
spotify/scio,platform,test-path,scio-extra/src/test/avro/scio-avro-example.avsc,2,2,13,12,1,1,1,1,true
spotify/scio,platform,test-path,scio-extra/src/test/avro/scio-avro-logical-type-example.avsc,1,1,13,13,0,0,0,0,false
spotify/scio,platform,test-path,scio-smb/src/test/avro/schema.avsc,2,1,4,3,0,0,0,0,false
spotify/scio,platform,test-path,scio-smb/src/test/avro/user.avsc,1,1,3,1,0,0,0,0,false
quarkusio/quarkus,application,test-path,extensions/avro/deployment/src/test/avro/schema.avsc,1,1,2,1,0,0,0,0,false
quarkusio/quarkus,application,test-path,integration-tests/avro-reload/src/test/avro/directImport/PrivacyDirectImport.avsc,0,0,0,0,0,0,0,0,false
quarkusio/quarkus,application,test-path,integration-tests/avro-reload/src/test/avro/imports/PrivacyImport.avsc,0,0,0,0,0,0,0,0,false
quarkusio/quarkus,application,source-path,integration-tests/kafka-avro-apicurio2/src/main/avro/order.avsc,1,1,4,4,0,0,0,0,false
quarkusio/quarkus,application,source-path,integration-tests/kafka-avro-apicurio2/src/main/avro/pet.avsc,1,1,2,2,0,0,0,0,false
trinodb/trino,platform,test-path,plugin/trino-kafka/src/test/resources/write_test/all_datatypes_avro_key_schema.avsc,1,1,1,0,0,0,0,0,false
trinodb/trino,platform,test-path,plugin/trino-kafka/src/test/resources/write_test/all_datatypes_avro_message_schema.avsc,1,1,5,0,0,0,0,0,false
trinodb/trino,platform,test-path,testing/trino-product-tests/src/test/resources/io/trino/tests/product/hive/data/avro/column_with_long_type_definition_schema.avsc,2,2,503,503,0,0,0,0,false
trinodb/trino,platform,test-path,testing/trino-product-tests/src/test/resources/kafka-tables/all_datatypes_avro_schema.avsc,1,1,4,0,0,0,0,0,false
trinodb/trino,platform,test-path,testing/trino-product-tests/src/test/resources/kafka-tables/structural_datatype_avro_schema.avsc,1,1,2,2,1,1,1,1,false
OpenLineage/OpenLineage,application,test-path,integration/flink/examples/flink1-test-apps/src/main/avro/io/openlineage/flink/avro/event/InputEvent.avsc,1,1,2,0,0,0,0,0,false
OpenLineage/OpenLineage,application,test-path,integration/flink/examples/flink1-test-apps/src/main/avro/io/openlineage/flink/avro/event/OutputEvent.avsc,1,1,3,0,0,0,0,0,false
OpenLineage/OpenLineage,application,test-path,integration/flink/examples/flink1-test-apps/src/main/avro/io/openlineage/flink/avro/infrastructure/state/managed/Counter.avsc,1,1,2,0,0,0,0,0,false
OpenLineage/OpenLineage,application,test-path,integration/flink/examples/flink2-test-apps/src/main/avro/io/openlineage/flink/avro/event/InputEvent.avsc,1,1,2,0,0,0,0,0,false
OpenLineage/OpenLineage,application,test-path,integration/flink/examples/flink2-test-apps/src/main/avro/io/openlineage/flink/avro/event/OutputEvent.avsc,1,1,3,0,0,0,0,0,false
OpenLineage/OpenLineage,application,test-path,integration/flink/examples/flink2-test-apps/src/main/avro/io/openlineage/flink/avro/infrastructure/state/managed/Counter.avsc,1,1,2,0,0,0,0,0,false
OpenLineage/OpenLineage,application,test-path,integration/flink/flink1/src/test/resources/InputEvent.avsc,1,1,2,0,0,0,0,0,false
OpenLineage/OpenLineage,application,test-path,integration/flink/flink2/src/test/resources/InputEvent.avsc,1,1,2,0,0,0,0,0,false
