mode,size,phase,iteration,real_seconds,max_rss_bytes
baseline,10,warmup,1,2.27,373735424
baseline,10,measure,1,2.14,370917376
baseline,10,measure,2,2.13,366034944
baseline,10,measure,3,2.08,369262592
contract,10,warmup,1,2.49,422199296
contract,10,measure,1,2.46,423804928
contract,10,measure,2,2.49,426639360
contract,10,measure,3,2.52,424394752
baseline,25,warmup,1,2.73,430505984
baseline,25,measure,1,2.73,435388416
baseline,25,measure,2,2.75,445120512
baseline,25,measure,3,2.92,440090624
contract,25,warmup,1,3.31,552468480
contract,25,measure,1,3.42,555499520
contract,25,measure,2,3.60,539869184
contract,25,measure,3,3.47,550240256
baseline,50,warmup,1,3.62,488964096
baseline,50,measure,1,3.55,507215872
baseline,50,measure,2,3.49,492011520
baseline,50,measure,3,3.54,496386048
contract,50,warmup,1,4.27,511098880
contract,50,measure,1,4.24,513605632
contract,50,measure,2,4.36,490209280
contract,50,measure,3,4.47,530890752
